file,line,type,commit,author,date,time,timezone,datetime,depth,length
style.css,1,css,6f58a782,SriSupratikTalari,2025-04-03,17:47:43,-07:00,2025-04-03T17:47:43-07:00,0,5
style.css,2,css,298a0e28,SriSupratikTalari,2025-05-02,11:45:56,-07:00,2025-05-02T11:45:56-07:00,0,44
style.css,3,css,298a0e28,SriSupratikTalari,2025-05-02,11:45:56,-07:00,2025-05-02T11:45:56-07:00,0,43
style.css,4,css,298a0e28,SriSupratikTalari,2025-05-02,11:45:56,-07:00,2025-05-02T11:45:56-07:00,0,1
style.css,5,css,298a0e28,SriSupratikTalari,2025-05-02,11:45:56,-07:00,2025-05-02T11:45:56-07:00,0,24
style.css,6,css,298a0e28,SriSupratikTalari,2025-05-02,11:45:56,-07:00,2025-05-02T11:45:56-07:00,0,16
style.css,7,css,298a0e28,SriSupratikTalari,2025-05-02,11:45:56,-07:00,2025-05-02T11:45:56-07:00,0,19
style.css,8,css,298a0e28,SriSupratikTalari,2025-05-02,11:45:56,-07:00,2025-05-02T11:45:56-07:00,0,13
style.css,9,css,298a0e28,SriSupratikTalari,2025-05-02,11:45:56,-07:00,2025-05-02T11:45:56-07:00,0,0
style.css,10,css,1a52d6d8,SriSupratikTalari,2025-04-09,09:23:11,-07:00,2025-04-09T09:23:11-07:00,0,4
style.css,11,css,298a0e28,SriSupratikTalari,2025-05-02,11:45:56,-07:00,2025-05-02T11:45:56-07:00,0,40
style.css,12,css,298a0e28,SriSupratikTalari,2025-05-02,11:45:56,-07:00,2025-05-02T11:45:56-07:00,0,13
style.css,13,css,298a0e28,SriSupratikTalari,2025-05-02,11:45:56,-07:00,2025-05-02T11:45:56-07:00,0,18
style.css,14,css,298a0e28,SriSupratikTalari,2025-05-02,11:45:56,-07:00,2025-05-02T11:45:56-07:00,0,24
style.css,15,css,298a0e28,SriSupratikTalari,2025-05-02,11:45:56,-07:00,2025-05-02T11:45:56-07:00,0,26
style.css,16,css,298a0e28,SriSupratikTalari,2025-05-02,11:45:56,-07:00,2025-05-02T11:45:56-07:00,0,0
style.css,17,css,1a52d6d8,SriSupratikTalari,2025-04-09,09:23:11,-07:00,2025-04-09T09:23:11-07:00,0,0
style.css,18,css,4a210a95,SriSupratikTalari,2025-04-09,09:36:04,-07:00,2025-04-09T09:36:04-07:00,0,6
style.css,19,css,298a0e28,SriSupratikTalari,2025-05-02,11:45:56,-07:00,2025-05-02T11:45:56-07:00,0,7
style.css,20,css,298a0e28,SriSupratikTalari,2025-05-02,11:45:56,-07:00,2025-05-02T11:45:56-07:00,0,21
style.css,21,css,298a0e28,SriSupratikTalari,2025-05-02,11:45:56,-07:00,2025-05-02T11:45:56-07:00,0,14
style.css,22,css,298a0e28,SriSupratikTalari,2025-05-02,11:45:56,-07:00,2025-05-02T11:45:56-07:00,0,18
style.css,23,css,298a0e28,SriSupratikTalari,2025-05-02,11:45:56,-07:00,2025-05-02T11:45:56-07:00,0,14
style.css,24,css,4a210a95,SriSupratikTalari,2025-04-09,09:36:04,-07:00,2025-04-09T09:36:04-07:00,0,0
style.css,25,css,4a210a95,SriSupratikTalari,2025-04-09,09:36:04,-07:00,2025-04-09T09:36:04-07:00,0,14
style.css,26,css,298a0e28,SriSupratikTalari,2025-05-02,11:45:56,-07:00,2025-05-02T11:45:56-07:00,0,73
style.css,27,css,298a0e28,SriSupratikTalari,2025-05-02,11:45:56,-07:00,2025-05-02T11:45:56-07:00,0,70
style.css,28,css,4a210a95,SriSupratikTalari,2025-04-09,09:36:04,-07:00,2025-04-09T09:36:04-07:00,0,0
style.css,29,css,4a210a95,SriSupratikTalari,2025-04-09,09:36:04,-07:00,2025-04-09T09:36:04-07:00,0,5
style.css,30,css,298a0e28,SriSupratikTalari,2025-05-02,11:45:56,-07:00,2025-05-02T11:45:56-07:00,0,32
style.css,31,css,298a0e28,SriSupratikTalari,2025-05-02,11:45:56,-07:00,2025-05-02T11:45:56-07:00,0,33
style.css,32,css,298a0e28,SriSupratikTalari,2025-05-02,11:45:56,-07:00,2025-05-02T11:45:56-07:00,0,24
style.css,33,css,637bcfa4,SriSupratikTalari,2025-04-09,10:24:55,-07:00,2025-04-09T10:24:55-07:00,0,0
style.css,34,css,e847ecf6,SriSupratikTalari,2025-04-18,09:05:11,-07:00,2025-04-18T09:05:11-07:00,0,32
style.css,35,css,298a0e28,SriSupratikTalari,2025-05-02,11:45:56,-07:00,2025-05-02T11:45:56-07:00,0,13
style.css,36,css,e847ecf6,SriSupratikTalari,2025-04-18,09:05:11,-07:00,2025-04-18T09:05:11-07:00,0,0
style.css,37,css,637bcfa4,SriSupratikTalari,2025-04-09,10:24:55,-07:00,2025-04-09T10:24:55-07:00,0,0
style.css,38,css,637bcfa4,SriSupratikTalari,2025-04-09,10:24:55,-07:00,2025-04-09T10:24:55-07:00,0,5
style.css,39,css,298a0e28,SriSupratikTalari,2025-05-02,11:45:56,-07:00,2025-05-02T11:45:56-07:00,0,13
style.css,40,css,298a0e28,SriSupratikTalari,2025-05-02,11:45:56,-07:00,2025-05-02T11:45:56-07:00,0,31
style.css,41,css,637bcfa4,SriSupratikTalari,2025-04-09,10:24:55,-07:00,2025-04-09T10:24:55-07:00,0,0
style.css,42,css,637bcfa4,SriSupratikTalari,2025-04-09,10:24:55,-07:00,2025-04-09T10:24:55-07:00,0,11
style.css,43,css,298a0e28,SriSupratikTalari,2025-05-02,11:45:56,-07:00,2025-05-02T11:45:56-07:00,0,13
style.css,44,css,298a0e28,SriSupratikTalari,2025-05-02,11:45:56,-07:00,2025-05-02T11:45:56-07:00,0,30
style.css,45,css,298a0e28,SriSupratikTalari,2025-05-02,11:45:56,-07:00,2025-05-02T11:45:56-07:00,0,19
style.css,46,css,298a0e28,SriSupratikTalari,2025-05-02,11:45:56,-07:00,2025-05-02T11:45:56-07:00,0,8
style.css,47,css,637bcfa4,SriSupratikTalari,2025-04-09,10:24:55,-07:00,2025-04-09T10:24:55-07:00,0,0
style.css,48,css,637bcfa4,SriSupratikTalari,2025-04-09,10:24:55,-07:00,2025-04-09T10:24:55-07:00,0,10
style.css,49,css,298a0e28,SriSupratikTalari,2025-05-02,11:45:56,-07:00,2025-05-02T11:45:56-07:00,0,13
style.css,50,css,298a0e28,SriSupratikTalari,2025-05-02,11:45:56,-07:00,2025-05-02T11:45:56-07:00,0,59
style.css,51,css,298a0e28,SriSupratikTalari,2025-05-02,11:45:56,-07:00,2025-05-02T11:45:56-07:00,0,8
style.css,52,css,637bcfa4,SriSupratikTalari,2025-04-09,10:24:55,-07:00,2025-04-09T10:24:55-07:00,0,0
style.css,53,css,637bcfa4,SriSupratikTalari,2025-04-09,10:24:55,-07:00,2025-04-09T10:24:55-07:00,0,18
style.css,54,css,298a0e28,SriSupratikTalari,2025-05-02,11:45:56,-07:00,2025-05-02T11:45:56-07:00,0,27
style.css,55,css,298a0e28,SriSupratikTalari,2025-05-02,11:45:56,-07:00,2025-05-02T11:45:56-07:00,0,16
style.css,56,css,298a0e28,SriSupratikTalari,2025-05-02,11:45:56,-07:00,2025-05-02T11:45:56-07:00,0,8
style.css,57,css,637bcfa4,SriSupratikTalari,2025-04-09,10:24:55,-07:00,2025-04-09T10:24:55-07:00,0,0
style.css,58,css,637bcfa4,SriSupratikTalari,2025-04-09,10:24:55,-07:00,2025-04-09T10:24:55-07:00,0,13
style.css,59,css,298a0e28,SriSupratikTalari,2025-05-02,11:45:56,-07:00,2025-05-02T11:45:56-07:00,0,9
style.css,60,css,8b28574a,SriSupratikTalari,2025-04-09,14:06:41,-07:00,2025-04-09T14:06:41-07:00,0,0
style.css,61,css,8b28574a,SriSupratikTalari,2025-04-09,14:06:41,-07:00,2025-04-09T14:06:41-07:00,0,13
style.css,62,css,298a0e28,SriSupratikTalari,2025-05-02,11:45:56,-07:00,2025-05-02T11:45:56-07:00,0,14
style.css,63,css,8b28574a,SriSupratikTalari,2025-04-09,14:06:41,-07:00,2025-04-09T14:06:41-07:00,0,0
style.css,64,css,8b28574a,SriSupratikTalari,2025-04-09,14:06:41,-07:00,2025-04-09T14:06:41-07:00,0,0
style.css,65,css,8b28574a,SriSupratikTalari,2025-04-09,14:06:41,-07:00,2025-04-09T14:06:41-07:00,0,83
style.css,66,css,298a0e28,SriSupratikTalari,2025-05-02,11:45:56,-07:00,2025-05-02T11:45:56-07:00,0,16
style.css,67,css,298a0e28,SriSupratikTalari,2025-05-02,11:45:56,-07:00,2025-05-02T11:45:56-07:00,0,18
style.css,68,css,32b8cfde,SriSupratikTalari,2025-04-09,21:23:22,-07:00,2025-04-09T21:23:22-07:00,0,0
style.css,69,css,32b8cfde,SriSupratikTalari,2025-04-09,21:23:22,-07:00,2025-04-09T21:23:22-07:00,0,12
style.css,70,css,298a0e28,SriSupratikTalari,2025-05-02,11:45:56,-07:00,2025-05-02T11:45:56-07:00,0,46
style.css,71,css,298a0e28,SriSupratikTalari,2025-05-02,11:45:56,-07:00,2025-05-02T11:45:56-07:00,0,63
style.css,72,css,298a0e28,SriSupratikTalari,2025-05-02,11:45:56,-07:00,2025-05-02T11:45:56-07:00,0,70
style.css,73,css,e847ecf6,SriSupratikTalari,2025-04-18,09:05:11,-07:00,2025-04-18T09:05:11-07:00,0,0
style.css,74,css,32b8cfde,SriSupratikTalari,2025-04-09,21:23:22,-07:00,2025-04-09T21:23:22-07:00,0,11
style.css,75,css,298a0e28,SriSupratikTalari,2025-05-02,11:45:56,-07:00,2025-05-02T11:45:56-07:00,0,14
style.css,76,css,298a0e28,SriSupratikTalari,2025-05-02,11:45:56,-07:00,2025-05-02T11:45:56-07:00,0,11
style.css,77,css,298a0e28,SriSupratikTalari,2025-05-02,11:45:56,-07:00,2025-05-02T11:45:56-07:00,0,42
style.css,78,css,298a0e28,SriSupratikTalari,2025-05-02,11:45:56,-07:00,2025-05-02T11:45:56-07:00,0,21
style.css,79,css,298a0e28,SriSupratikTalari,2025-05-02,11:45:56,-07:00,2025-05-02T11:45:56-07:00,0,18
style.css,80,css,32b8cfde,SriSupratikTalari,2025-04-09,21:23:22,-07:00,2025-04-09T21:23:22-07:00,0,0
style.css,81,css,32b8cfde,SriSupratikTalari,2025-04-09,21:23:22,-07:00,2025-04-09T21:23:22-07:00,0,10
style.css,82,css,298a0e28,SriSupratikTalari,2025-05-02,11:45:56,-07:00,2025-05-02T11:45:56-07:00,0,14
style.css,83,css,298a0e28,SriSupratikTalari,2025-05-02,11:45:56,-07:00,2025-05-02T11:45:56-07:00,0,10
style.css,84,css,32b8cfde,SriSupratikTalari,2025-04-09,21:23:22,-07:00,2025-04-09T21:23:22-07:00,0,0
style.css,85,css,32b8cfde,SriSupratikTalari,2025-04-09,21:23:22,-07:00,2025-04-09T21:23:22-07:00,0,11
style.css,86,css,298a0e28,SriSupratikTalari,2025-05-02,11:45:56,-07:00,2025-05-02T11:45:56-07:00,0,14
style.css,87,css,298a0e28,SriSupratikTalari,2025-05-02,11:45:56,-07:00,2025-05-02T11:45:56-07:00,0,17
style.css,88,css,32b8cfde,SriSupratikTalari,2025-04-09,21:23:22,-07:00,2025-04-09T21:23:22-07:00,0,0
style.css,89,css,32b8cfde,SriSupratikTalari,2025-04-09,21:23:22,-07:00,2025-04-09T21:23:22-07:00,0,36
style.css,90,css,298a0e28,SriSupratikTalari,2025-05-02,11:45:56,-07:00,2025-05-02T11:45:56-07:00,0,16
style.css,91,css,32b8cfde,SriSupratikTalari,2025-04-09,21:23:22,-07:00,2025-04-09T21:23:22-07:00,0,0
style.css,92,css,32b8cfde,SriSupratikTalari,2025-04-09,21:23:22,-07:00,2025-04-09T21:23:22-07:00,0,14
style.css,93,css,298a0e28,SriSupratikTalari,2025-05-02,11:45:56,-07:00,2025-05-02T11:45:56-07:00,0,15
style.css,94,css,298a0e28,SriSupratikTalari,2025-05-02,11:45:56,-07:00,2025-05-02T11:45:56-07:00,0,14
style.css,95,css,298a0e28,SriSupratikTalari,2025-05-02,11:45:56,-07:00,2025-05-02T11:45:56-07:00,0,67
style.css,96,css,ce29e95c,SriSupratikTalari,2025-04-17,14:44:42,-07:00,2025-04-17T14:44:42-07:00,0,0
style.css,97,css,e847ecf6,SriSupratikTalari,2025-04-18,09:05:11,-07:00,2025-04-18T09:05:11-07:00,0,14
style.css,98,css,298a0e28,SriSupratikTalari,2025-05-02,11:45:56,-07:00,2025-05-02T11:45:56-07:00,0,18
style.css,99,css,298a0e28,SriSupratikTalari,2025-05-02,11:45:56,-07:00,2025-05-02T11:45:56-07:00,0,9
style.css,100,css,298a0e28,SriSupratikTalari,2025-05-02,11:45:56,-07:00,2025-05-02T11:45:56-07:00,0,11
style.css,101,css,298a0e28,SriSupratikTalari,2025-05-02,11:45:56,-07:00,2025-05-02T11:45:56-07:00,0,20
style.css,102,css,298a0e28,SriSupratikTalari,2025-05-02,11:45:56,-07:00,2025-05-02T11:45:56-07:00,0,14
style.css,103,css,ce29e95c,SriSupratikTalari,2025-04-17,14:44:42,-07:00,2025-04-17T14:44:42-07:00,0,0
style.css,104,css,c9db2029,SriSupratikTalari,2025-05-02,12:52:13,-07:00,2025-05-02T12:52:13-07:00,0,0
style.css,105,css,c9db2029,SriSupratikTalari,2025-05-02,12:52:13,-07:00,2025-05-02T12:52:13-07:00,0,19
style.css,106,css,c9db2029,SriSupratikTalari,2025-05-02,12:52:13,-07:00,2025-05-02T12:52:13-07:00,0,15
style.css,107,css,c9db2029,SriSupratikTalari,2025-05-02,12:52:13,-07:00,2025-05-02T12:52:13-07:00,0,17
style.css,108,css,c9db2029,SriSupratikTalari,2025-05-02,12:52:13,-07:00,2025-05-02T12:52:13-07:00,0,0
style.css,109,css,c9db2029,SriSupratikTalari,2025-05-02,12:52:13,-07:00,2025-05-02T12:52:13-07:00,0,17
style.css,110,css,c9db2029,SriSupratikTalari,2025-05-02,12:52:13,-07:00,2025-05-02T12:52:13-07:00,0,0
style.css,111,css,c9db2029,SriSupratikTalari,2025-05-02,12:52:13,-07:00,2025-05-02T12:52:13-07:00,0,11
style.css,112,css,c9db2029,SriSupratikTalari,2025-05-02,12:52:13,-07:00,2025-05-02T12:52:13-07:00,0,13
style.css,113,css,c9db2029,SriSupratikTalari,2025-05-02,12:52:13,-07:00,2025-05-02T12:52:13-07:00,0,74
style.css,114,css,c9db2029,SriSupratikTalari,2025-05-02,12:52:13,-07:00,2025-05-02T12:52:13-07:00,0,49
style.css,115,css,c9db2029,SriSupratikTalari,2025-05-02,12:52:13,-07:00,2025-05-02T12:52:13-07:00,0,16
style.css,116,css,c9db2029,SriSupratikTalari,2025-05-02,12:52:13,-07:00,2025-05-02T12:52:13-07:00,0,76
style.css,117,css,c9db2029,SriSupratikTalari,2025-05-02,12:52:13,-07:00,2025-05-02T12:52:13-07:00,0,44
style.css,118,css,c9db2029,SriSupratikTalari,2025-05-02,12:52:13,-07:00,2025-05-02T12:52:13-07:00,0,0
style.css,119,css,c9db2029,SriSupratikTalari,2025-05-02,12:52:13,-07:00,2025-05-02T12:52:13-07:00,0,0
style.css,120,css,c9db2029,SriSupratikTalari,2025-05-02,12:52:13,-07:00,2025-05-02T12:52:13-07:00,0,8
style.css,121,css,c9db2029,SriSupratikTalari,2025-05-02,12:52:13,-07:00,2025-05-02T12:52:13-07:00,0,55
style.css,122,css,c9db2029,SriSupratikTalari,2025-05-02,12:52:13,-07:00,2025-05-02T12:52:13-07:00,0,13
style.css,123,css,c9db2029,SriSupratikTalari,2025-05-02,12:52:13,-07:00,2025-05-02T12:52:13-07:00,0,58
style.css,124,css,c9db2029,SriSupratikTalari,2025-05-02,12:52:13,-07:00,2025-05-02T12:52:13-07:00,0,8
style.css,125,css,c9db2029,SriSupratikTalari,2025-05-02,12:52:13,-07:00,2025-05-02T12:52:13-07:00,0,12
style.css,126,css,c9db2029,SriSupratikTalari,2025-05-02,12:52:13,-07:00,2025-05-02T12:52:13-07:00,0,22
style.css,127,css,c9db2029,SriSupratikTalari,2025-05-02,12:52:13,-07:00,2025-05-02T12:52:13-07:00,0,20
style.css,128,css,c9db2029,SriSupratikTalari,2025-05-02,12:52:13,-07:00,2025-05-02T12:52:13-07:00,0,19
style.css,129,css,c9db2029,SriSupratikTalari,2025-05-02,12:52:13,-07:00,2025-05-02T12:52:13-07:00,0,16
style.css,130,css,c9db2029,SriSupratikTalari,2025-05-02,12:52:13,-07:00,2025-05-02T12:52:13-07:00,0,0
style.css,131,css,c9db2029,SriSupratikTalari,2025-05-02,12:52:13,-07:00,2025-05-02T12:52:13-07:00,0,0
style.css,132,css,c9db2029,SriSupratikTalari,2025-05-02,12:52:13,-07:00,2025-05-02T12:52:13-07:00,0,13
style.css,133,css,c9db2029,SriSupratikTalari,2025-05-02,12:52:13,-07:00,2025-05-02T12:52:13-07:00,0,13
style.css,134,css,c9db2029,SriSupratikTalari,2025-05-02,12:52:13,-07:00,2025-05-02T12:52:13-07:00,0,19
style.css,135,css,c9db2029,SriSupratikTalari,2025-05-02,12:52:13,-07:00,2025-05-02T12:52:13-07:00,0,10
style.css,136,css,c9db2029,SriSupratikTalari,2025-05-02,12:52:13,-07:00,2025-05-02T12:52:13-07:00,0,23
style.css,137,css,c9db2029,SriSupratikTalari,2025-05-02,12:52:13,-07:00,2025-05-02T12:52:13-07:00,0,0
style.css,138,css,c9db2029,SriSupratikTalari,2025-05-02,12:52:13,-07:00,2025-05-02T12:52:13-07:00,0,0
style.css,139,css,c9db2029,SriSupratikTalari,2025-05-02,12:52:13,-07:00,2025-05-02T12:52:13-07:00,0,21
style.css,140,css,c9db2029,SriSupratikTalari,2025-05-02,12:52:13,-07:00,2025-05-02T12:52:13-07:00,0,10
style.css,141,css,c9db2029,SriSupratikTalari,2025-05-02,12:52:13,-07:00,2025-05-02T12:52:13-07:00,0,11
style.css,142,css,c9db2029,SriSupratikTalari,2025-05-02,12:52:13,-07:00,2025-05-02T12:52:13-07:00,0,19
style.css,143,css,c9db2029,SriSupratikTalari,2025-05-02,12:52:13,-07:00,2025-05-02T12:52:13-07:00,0,30
style.css,144,css,c9db2029,SriSupratikTalari,2025-05-02,12:52:13,-07:00,2025-05-02T12:52:13-07:00,0,21
style.css,145,css,c9db2029,SriSupratikTalari,2025-05-02,12:52:13,-07:00,2025-05-02T12:52:13-07:00,0,21
style.css,146,css,1e6c96f0,SriSupratikTalari,2025-05-02,13:11:05,-07:00,2025-05-02T13:11:05-07:00,0,0
style.css,147,css,1e6c96f0,SriSupratikTalari,2025-05-02,13:11:05,-07:00,2025-05-02T13:11:05-07:00,0,18
style.css,148,css,1e6c96f0,SriSupratikTalari,2025-05-02,13:11:05,-07:00,2025-05-02T13:11:05-07:00,0,17
style.css,149,css,1e6c96f0,SriSupratikTalari,2025-05-02,13:11:05,-07:00,2025-05-02T13:11:05-07:00,0,12
style.css,150,css,1e6c96f0,SriSupratikTalari,2025-05-02,13:11:05,-07:00,2025-05-02T13:11:05-07:00,0,0
style.css,151,css,1e6c96f0,SriSupratikTalari,2025-05-02,13:11:05,-07:00,2025-05-02T13:11:05-07:00,0,0
style.css,152,css,1e6c96f0,SriSupratikTalari,2025-05-02,13:11:05,-07:00,2025-05-02T13:11:05-07:00,0,5
style.css,153,css,1e6c96f0,SriSupratikTalari,2025-05-02,13:11:05,-07:00,2025-05-02T13:11:05-07:00,0,17
style.css,154,css,1e6c96f0,SriSupratikTalari,2025-05-02,13:11:05,-07:00,2025-05-02T13:11:05-07:00,0,0
style.css,155,css,1e6c96f0,SriSupratikTalari,2025-05-02,13:11:05,-07:00,2025-05-02T13:11:05-07:00,0,10
style.css,156,css,1e6c96f0,SriSupratikTalari,2025-05-02,13:11:05,-07:00,2025-05-02T13:11:05-07:00,0,36
style.css,157,css,1e6c96f0,SriSupratikTalari,2025-05-02,13:11:05,-07:00,2025-05-02T13:11:05-07:00,0,0
style.css,158,css,1e6c96f0,SriSupratikTalari,2025-05-02,13:11:05,-07:00,2025-05-02T13:11:05-07:00,0,11
style.css,159,css,1e6c96f0,SriSupratikTalari,2025-05-02,13:11:05,-07:00,2025-05-02T13:11:05-07:00,0,18
style.css,160,css,1e6c96f0,SriSupratikTalari,2025-05-02,13:11:05,-07:00,2025-05-02T13:11:05-07:00,0,0
style.css,161,css,298a0e28,SriSupratikTalari,2025-05-02,11:45:56,-07:00,2025-05-02T11:45:56-07:00,0,0
index.js,1,js,998da91b,SriSupratikTalari,2025-04-24,17:12:57,-07:00,2025-04-24T17:12:57-07:00,0,71
index.js,2,js,b78eed3e,SriSupratikTalari,2025-04-24,16:39:59,-07:00,2025-04-24T16:39:59-07:00,0,64
index.js,3,js,797f192a,SriSupratikTalari,2025-04-21,23:13:27,-07:00,2025-04-21T23:13:27-07:00,0,43
index.js,4,js,797f192a,SriSupratikTalari,2025-04-21,23:13:27,-07:00,2025-04-21T23:13:27-07:00,0,61
index.js,5,js,b78eed3e,SriSupratikTalari,2025-04-24,16:39:59,-07:00,2025-04-24T16:39:59-07:00,0,20
index.js,6,js,00c94558,SriSupratikTalari,2025-04-22,16:56:20,-07:00,2025-04-22T16:56:20-07:00,0,55
index.js,7,js,998da91b,SriSupratikTalari,2025-04-24,17:12:57,-07:00,2025-04-24T17:12:57-07:00,0,61
index.js,8,js,78e3e480,SriSupratikTalari,2025-04-25,11:26:30,-07:00,2025-04-25T11:26:30-07:00,0,22
index.js,9,js,998da91b,SriSupratikTalari,2025-04-24,17:12:57,-07:00,2025-04-24T17:12:57-07:00,0,61
index.js,10,js,998da91b,SriSupratikTalari,2025-04-24,17:12:57,-07:00,2025-04-24T17:12:57-07:00,0,18
index.js,11,js,998da91b,SriSupratikTalari,2025-04-24,17:12:57,-07:00,2025-04-24T17:12:57-07:00,0,25
index.js,12,js,998da91b,SriSupratikTalari,2025-04-24,17:12:57,-07:00,2025-04-24T17:12:57-07:00,0,3
index.js,13,js,78e3e480,SriSupratikTalari,2025-04-25,11:26:30,-07:00,2025-04-25T11:26:30-07:00,0,23
index.js,14,js,998da91b,SriSupratikTalari,2025-04-24,17:12:57,-07:00,2025-04-24T17:12:57-07:00,0,56
index.js,15,js,998da91b,SriSupratikTalari,2025-04-24,17:12:57,-07:00,2025-04-24T17:12:57-07:00,0,56
index.js,16,js,998da91b,SriSupratikTalari,2025-04-24,17:12:57,-07:00,2025-04-24T17:12:57-07:00,0,50
index.js,17,js,998da91b,SriSupratikTalari,2025-04-24,17:12:57,-07:00,2025-04-24T17:12:57-07:00,0,50
index.js,18,js,998da91b,SriSupratikTalari,2025-04-24,17:12:57,-07:00,2025-04-24T17:12:57-07:00,0,4
index.js,19,js,998da91b,SriSupratikTalari,2025-04-24,17:12:57,-07:00,2025-04-24T17:12:57-07:00,0,1
index.js,20,js,998da91b,SriSupratikTalari,2025-04-24,17:12:57,-07:00,2025-04-24T17:12:57-07:00,0,0
index.html,1,html,c1f52cc3,SriSupratikTalari,2025-04-02,17:06:07,-07:00,2025-04-02T17:06:07-07:00,0,14
index.html,2,html,c1f52cc3,SriSupratikTalari,2025-04-02,17:06:07,-07:00,2025-04-02T17:06:07-07:00,0,15
index.html,3,html,c1f52cc3,SriSupratikTalari,2025-04-02,17:06:07,-07:00,2025-04-02T17:06:07-07:00,0,5
index.html,4,html,c1f52cc3,SriSupratikTalari,2025-04-02,17:06:07,-07:00,2025-04-02T17:06:07-07:00,0,21
index.html,5,html,c1f52cc3,SriSupratikTalari,2025-04-02,17:06:07,-07:00,2025-04-02T17:06:07-07:00,0,69
index.html,6,html,c1f52cc3,SriSupratikTalari,2025-04-02,17:06:07,-07:00,2025-04-02T17:06:07-07:00,0,62
index.html,7,html,1d7bd18b,SriSupratikTalari,2025-04-02,17:46:38,-07:00,2025-04-02T17:46:38-07:00,0,39
index.html,8,html,c1f52cc3,SriSupratikTalari,2025-04-02,17:06:07,-07:00,2025-04-02T17:06:07-07:00,0,6
index.html,9,html,3c22d623,SriSupratikTalari,2025-04-09,09:14:55,-07:00,2025-04-09T09:14:55-07:00,0,5
index.html,10,html,b78eed3e,SriSupratikTalari,2025-04-24,16:39:59,-07:00,2025-04-24T16:39:59-07:00,0,51
index.html,11,html,3a63c36f,SriSupratikTalari,2025-04-17,09:46:47,-07:00,2025-04-17T09:46:47-07:00,0,9
index.html,12,html,6fc6d689,SriSupratikTalari,2025-04-16,10:18:58,-07:00,2025-04-16T10:18:58-07:00,0,28
index.html,13,html,1d7bd18b,SriSupratikTalari,2025-04-02,17:46:38,-07:00,2025-04-02T17:46:38-07:00,0,41
index.html,14,html,1d7bd18b,SriSupratikTalari,2025-04-02,17:46:38,-07:00,2025-04-02T17:46:38-07:00,0,39
index.html,15,html,1d7bd18b,SriSupratikTalari,2025-04-02,17:46:38,-07:00,2025-04-02T17:46:38-07:00,0,72
index.html,16,html,7c3d4a5d,SriSupratikTalari,2025-04-03,18:21:34,-07:00,2025-04-03T18:21:34-07:00,0,37
index.html,17,html,3a63c36f,SriSupratikTalari,2025-04-17,09:46:47,-07:00,2025-04-17T09:46:47-07:00,0,9
index.html,18,html,1d7bd18b,SriSupratikTalari,2025-04-02,17:46:38,-07:00,2025-04-02T17:46:38-07:00,0,0
index.html,19,html,3ea0e8fd,SriSupratikTalari,2025-04-04,10:13:18,-07:00,2025-04-04T10:13:18-07:00,0,27
index.html,20,html,3ea0e8fd,SriSupratikTalari,2025-04-04,10:13:18,-07:00,2025-04-04T10:13:18-07:00,0,52
index.html,21,html,1d7bd18b,SriSupratikTalari,2025-04-02,17:46:38,-07:00,2025-04-02T17:46:38-07:00,0,0
index.html,22,html,1d7bd18b,SriSupratikTalari,2025-04-02,17:46:38,-07:00,2025-04-02T17:46:38-07:00,0,96
index.html,23,html,797f192a,SriSupratikTalari,2025-04-21,23:13:27,-07:00,2025-04-21T23:13:27-07:00,0,23
index.html,24,html,797f192a,SriSupratikTalari,2025-04-21,23:13:27,-07:00,2025-04-21T23:13:27-07:00,0,21
index.html,25,html,b78eed3e,SriSupratikTalari,2025-04-24,16:39:59,-07:00,2025-04-24T16:39:59-07:00,0,50
index.html,26,html,797f192a,SriSupratikTalari,2025-04-21,23:13:27,-07:00,2025-04-21T23:13:27-07:00,0,5
index.html,27,html,78e3e480,SriSupratikTalari,2025-04-25,11:26:30,-07:00,2025-04-25T11:26:30-07:00,0,23
index.html,28,html,78e3e480,SriSupratikTalari,2025-04-25,11:26:30,-07:00,2025-04-25T11:26:30-07:00,0,0
index.html,29,html,78e3e480,SriSupratikTalari,2025-04-25,11:26:30,-07:00,2025-04-25T11:26:30-07:00,0,5
index.html,30,html,797f192a,SriSupratikTalari,2025-04-21,23:13:27,-07:00,2025-04-21T23:13:27-07:00,0,0
index.html,31,html,b78eed3e,SriSupratikTalari,2025-04-24,16:39:59,-07:00,2025-04-24T16:39:59-07:00,0,46
index.html,32,html,b78eed3e,SriSupratikTalari,2025-04-24,16:39:59,-07:00,2025-04-24T16:39:59-07:00,0,0
index.html,33,html,c1f52cc3,SriSupratikTalari,2025-04-02,17:06:07,-07:00,2025-04-02T17:06:07-07:00,0,6
index.html,34,html,3a63c36f,SriSupratikTalari,2025-04-17,09:46:47,-07:00,2025-04-17T09:46:47-07:00,0,6
global.js,1,js,27dbea75,SriSupratikTalari,2025-04-16,10:00:47,-07:00,2025-04-16T10:00:47-07:00,0,26
global.js,2,js,27dbea75,SriSupratikTalari,2025-04-16,10:00:47,-07:00,2025-04-16T10:00:47-07:00,0,0
global.js,3,js,27dbea75,SriSupratikTalari,2025-04-16,10:00:47,-07:00,2025-04-16T10:00:47-07:00,0,42
global.js,4,js,27dbea75,SriSupratikTalari,2025-04-16,10:00:47,-07:00,2025-04-16T10:00:47-07:00,0,53
global.js,5,js,eae42899,SriSupratikTalari,2025-04-16,10:07:42,-07:00,2025-04-16T10:07:42-07:00,0,0
global.js,6,js,3a63c36f,SriSupratikTalari,2025-04-17,09:46:47,-07:00,2025-04-17T09:46:47-07:00,0,31
global.js,7,js,3a63c36f,SriSupratikTalari,2025-04-17,09:46:47,-07:00,2025-04-17T09:46:47-07:00,0,34
global.js,8,js,3a63c36f,SriSupratikTalari,2025-04-17,09:46:47,-07:00,2025-04-17T09:46:47-07:00,0,74
global.js,9,js,3a63c36f,SriSupratikTalari,2025-04-17,09:46:47,-07:00,2025-04-17T09:46:47-07:00,0,6
global.js,10,js,3a63c36f,SriSupratikTalari,2025-04-17,09:46:47,-07:00,2025-04-17T09:46:47-07:00,0,40
global.js,11,js,3a63c36f,SriSupratikTalari,2025-04-17,09:46:47,-07:00,2025-04-17T09:46:47-07:00,0,12
global.js,12,js,3a63c36f,SriSupratikTalari,2025-04-17,09:46:47,-07:00,2025-04-17T09:46:47-07:00,0,26
global.js,13,js,3a63c36f,SriSupratikTalari,2025-04-17,09:46:47,-07:00,2025-04-17T09:46:47-07:00,0,39
global.js,14,js,3a63c36f,SriSupratikTalari,2025-04-17,09:46:47,-07:00,2025-04-17T09:46:47-07:00,0,34
global.js,15,js,3a63c36f,SriSupratikTalari,2025-04-17,09:46:47,-07:00,2025-04-17T09:46:47-07:00,0,33
global.js,16,js,3a63c36f,SriSupratikTalari,2025-04-17,09:46:47,-07:00,2025-04-17T09:46:47-07:00,0,78
global.js,17,js,3a63c36f,SriSupratikTalari,2025-04-17,09:46:47,-07:00,2025-04-17T09:46:47-07:00,0,1
global.js,18,js,3a63c36f,SriSupratikTalari,2025-04-17,09:46:47,-07:00,2025-04-17T09:46:47-07:00,0,39
global.js,19,js,3a63c36f,SriSupratikTalari,2025-04-17,09:46:47,-07:00,2025-04-17T09:46:47-07:00,0,26
global.js,20,js,a93f65e2,SriSupratikTalari,2025-04-18,11:50:48,-07:00,2025-04-18T11:50:48-07:00,0,89
global.js,21,js,a93f65e2,SriSupratikTalari,2025-04-18,11:50:48,-07:00,2025-04-18T11:50:48-07:00,0,37
global.js,22,js,a93f65e2,SriSupratikTalari,2025-04-18,11:50:48,-07:00,2025-04-18T11:50:48-07:00,0,15
global.js,23,js,3a63c36f,SriSupratikTalari,2025-04-17,09:46:47,-07:00,2025-04-17T09:46:47-07:00,0,21
global.js,24,js,3a63c36f,SriSupratikTalari,2025-04-17,09:46:47,-07:00,2025-04-17T09:46:47-07:00,0,15
global.js,25,js,a93f65e2,SriSupratikTalari,2025-04-18,11:50:48,-07:00,2025-04-18T11:50:48-07:00,0,53
global.js,26,js,3a63c36f,SriSupratikTalari,2025-04-17,09:46:47,-07:00,2025-04-17T09:46:47-07:00,0,19
global.js,27,js,3a63c36f,SriSupratikTalari,2025-04-17,09:46:47,-07:00,2025-04-17T09:46:47-07:00,0,35
global.js,28,js,3a63c36f,SriSupratikTalari,2025-04-17,09:46:47,-07:00,2025-04-17T09:46:47-07:00,0,12
global.js,29,js,3a63c36f,SriSupratikTalari,2025-04-17,09:46:47,-07:00,2025-04-17T09:46:47-07:00,0,21
global.js,30,js,309941ea,SriSupratikTalari,2025-04-18,12:40:07,-07:00,2025-04-18T12:40:07-07:00,0,66
global.js,31,js,309941ea,SriSupratikTalari,2025-04-18,12:40:07,-07:00,2025-04-18T12:40:07-07:00,0,26
global.js,32,js,309941ea,SriSupratikTalari,2025-04-18,12:40:07,-07:00,2025-04-18T12:40:07-07:00,0,0
global.js,33,js,3a63c36f,SriSupratikTalari,2025-04-17,09:46:47,-07:00,2025-04-17T09:46:47-07:00,0,13
global.js,34,js,3a63c36f,SriSupratikTalari,2025-04-17,09:46:47,-07:00,2025-04-17T09:46:47-07:00,0,0
global.js,35,js,a3c211e7,SriSupratikTalari,2025-04-18,13:26:25,-07:00,2025-04-18T13:26:25-07:00,0,2
global.js,36,js,ce29e95c,SriSupratikTalari,2025-04-17,14:44:42,-07:00,2025-04-17T14:44:42-07:00,0,32
global.js,37,js,1ca639b0,SriSupratikTalari,2025-04-18,09:19:02,-07:00,2025-04-18T09:19:02-07:00,0,12
global.js,38,js,1ca639b0,SriSupratikTalari,2025-04-18,09:19:02,-07:00,2025-04-18T09:19:02-07:00,0,0
global.js,39,js,ce29e95c,SriSupratikTalari,2025-04-17,14:44:42,-07:00,2025-04-17T14:44:42-07:00,0,27
global.js,40,js,ce29e95c,SriSupratikTalari,2025-04-17,14:44:42,-07:00,2025-04-17T14:44:42-07:00,0,5
global.js,41,js,ce29e95c,SriSupratikTalari,2025-04-17,14:44:42,-07:00,2025-04-17T14:44:42-07:00,0,27
global.js,42,js,ce29e95c,SriSupratikTalari,2025-04-17,14:44:42,-07:00,2025-04-17T14:44:42-07:00,0,44
global.js,43,js,ce29e95c,SriSupratikTalari,2025-04-17,14:44:42,-07:00,2025-04-17T14:44:42-07:00,0,35
global.js,44,js,ce29e95c,SriSupratikTalari,2025-04-17,14:44:42,-07:00,2025-04-17T14:44:42-07:00,0,33
global.js,45,js,ce29e95c,SriSupratikTalari,2025-04-17,14:44:42,-07:00,2025-04-17T14:44:42-07:00,0,8
global.js,46,js,ce29e95c,SriSupratikTalari,2025-04-17,14:44:42,-07:00,2025-04-17T14:44:42-07:00,0,7
global.js,47,js,1ca639b0,SriSupratikTalari,2025-04-18,09:19:02,-07:00,2025-04-18T09:19:02-07:00,0,0
global.js,48,js,5d00361b,SriSupratikTalari,2025-04-18,09:12:21,-07:00,2025-04-18T09:12:21-07:00,0,1
global.js,49,js,309941ea,SriSupratikTalari,2025-04-18,12:40:07,-07:00,2025-04-18T12:40:07-07:00,0,59
global.js,50,js,309941ea,SriSupratikTalari,2025-04-18,12:40:07,-07:00,2025-04-18T12:40:07-07:00,0,53
global.js,51,js,309941ea,SriSupratikTalari,2025-04-18,12:40:07,-07:00,2025-04-18T12:40:07-07:00,0,65
global.js,52,js,309941ea,SriSupratikTalari,2025-04-18,12:40:07,-07:00,2025-04-18T12:40:07-07:00,0,52
global.js,53,js,309941ea,SriSupratikTalari,2025-04-18,12:40:07,-07:00,2025-04-18T12:40:07-07:00,0,42
global.js,54,js,309941ea,SriSupratikTalari,2025-04-18,12:40:07,-07:00,2025-04-18T12:40:07-07:00,0,50
global.js,55,js,309941ea,SriSupratikTalari,2025-04-18,12:40:07,-07:00,2025-04-18T12:40:07-07:00,0,95
global.js,56,js,309941ea,SriSupratikTalari,2025-04-18,12:40:07,-07:00,2025-04-18T12:40:07-07:00,0,9
global.js,57,js,309941ea,SriSupratikTalari,2025-04-18,12:40:07,-07:00,2025-04-18T12:40:07-07:00,0,7
global.js,58,js,309941ea,SriSupratikTalari,2025-04-18,12:40:07,-07:00,2025-04-18T12:40:07-07:00,0,56
global.js,59,js,309941ea,SriSupratikTalari,2025-04-18,12:40:07,-07:00,2025-04-18T12:40:07-07:00,0,35
global.js,60,js,309941ea,SriSupratikTalari,2025-04-18,12:40:07,-07:00,2025-04-18T12:40:07-07:00,0,39
global.js,61,js,309941ea,SriSupratikTalari,2025-04-18,12:40:07,-07:00,2025-04-18T12:40:07-07:00,0,84
global.js,62,js,309941ea,SriSupratikTalari,2025-04-18,12:40:07,-07:00,2025-04-18T12:40:07-07:00,0,0
global.js,63,js,5d00361b,SriSupratikTalari,2025-04-18,09:12:21,-07:00,2025-04-18T09:12:21-07:00,0,50
global.js,64,js,309941ea,SriSupratikTalari,2025-04-18,12:40:07,-07:00,2025-04-18T12:40:07-07:00,0,58
global.js,65,js,309941ea,SriSupratikTalari,2025-04-18,12:40:07,-07:00,2025-04-18T12:40:07-07:00,0,78
global.js,66,js,309941ea,SriSupratikTalari,2025-04-18,12:40:07,-07:00,2025-04-18T12:40:07-07:00,0,45
global.js,67,js,797f192a,SriSupratikTalari,2025-04-21,23:13:27,-07:00,2025-04-21T23:13:27-07:00,0,2
global.js,68,js,797f192a,SriSupratikTalari,2025-04-21,23:13:27,-07:00,2025-04-21T23:13:27-07:00,0,37
global.js,69,js,797f192a,SriSupratikTalari,2025-04-21,23:13:27,-07:00,2025-04-21T23:13:27-07:00,0,4
global.js,70,js,797f192a,SriSupratikTalari,2025-04-21,23:13:27,-07:00,2025-04-21T23:13:27-07:00,0,40
global.js,71,js,797f192a,SriSupratikTalari,2025-04-21,23:13:27,-07:00,2025-04-21T23:13:27-07:00,0,33
global.js,72,js,797f192a,SriSupratikTalari,2025-04-21,23:13:27,-07:00,2025-04-21T23:13:27-07:00,0,18
global.js,73,js,797f192a,SriSupratikTalari,2025-04-21,23:13:27,-07:00,2025-04-21T23:13:27-07:00,0,67
global.js,74,js,797f192a,SriSupratikTalari,2025-04-21,23:13:27,-07:00,2025-04-21T23:13:27-07:00,0,0
global.js,75,js,797f192a,SriSupratikTalari,2025-04-21,23:13:27,-07:00,2025-04-21T23:13:27-07:00,0,34
global.js,76,js,797f192a,SriSupratikTalari,2025-04-21,23:13:27,-07:00,2025-04-21T23:13:27-07:00,0,11
global.js,77,js,797f192a,SriSupratikTalari,2025-04-21,23:13:27,-07:00,2025-04-21T23:13:27-07:00,0,16
global.js,78,js,797f192a,SriSupratikTalari,2025-04-21,23:13:27,-07:00,2025-04-21T23:13:27-07:00,0,60
global.js,79,js,797f192a,SriSupratikTalari,2025-04-21,23:13:27,-07:00,2025-04-21T23:13:27-07:00,0,0
global.js,80,js,797f192a,SriSupratikTalari,2025-04-21,23:13:27,-07:00,2025-04-21T23:13:27-07:00,0,0
global.js,81,js,c32ad374,SriSupratikTalari,2025-04-24,15:49:13,-07:00,2025-04-24T15:49:13-07:00,0,80
global.js,82,js,c9db2029,SriSupratikTalari,2025-05-02,12:52:13,-07:00,2025-05-02T12:52:13-07:00,0,57
global.js,83,js,c32ad374,SriSupratikTalari,2025-04-24,15:49:13,-07:00,2025-04-24T15:49:13-07:00,0,0
global.js,84,js,c32ad374,SriSupratikTalari,2025-04-24,15:49:13,-07:00,2025-04-24T15:49:13-07:00,0,32
global.js,85,js,c9db2029,SriSupratikTalari,2025-05-02,12:52:13,-07:00,2025-05-02T12:52:13-07:00,0,45
global.js,86,js,c32ad374,SriSupratikTalari,2025-04-24,15:49:13,-07:00,2025-04-24T15:49:13-07:00,0,49
global.js,87,js,c9db2029,SriSupratikTalari,2025-05-02,12:52:13,-07:00,2025-05-02T12:52:13-07:00,0,0
global.js,88,js,c9db2029,SriSupratikTalari,2025-05-02,12:52:13,-07:00,2025-05-02T12:52:13-07:00,0,48
global.js,89,js,c32ad374,SriSupratikTalari,2025-04-24,15:49:13,-07:00,2025-04-24T15:49:13-07:00,0,20
global.js,90,js,c32ad374,SriSupratikTalari,2025-04-24,15:49:13,-07:00,2025-04-24T15:49:13-07:00,0,50
global.js,91,js,c32ad374,SriSupratikTalari,2025-04-24,15:49:13,-07:00,2025-04-24T15:49:13-07:00,0,50
global.js,92,js,c32ad374,SriSupratikTalari,2025-04-24,15:49:13,-07:00,2025-04-24T15:49:13-07:00,0,28
global.js,93,js,c9db2029,SriSupratikTalari,2025-05-02,12:52:13,-07:00,2025-05-02T12:52:13-07:00,0,70
global.js,94,js,c32ad374,SriSupratikTalari,2025-04-24,15:49:13,-07:00,2025-04-24T15:49:13-07:00,0,1
global.js,95,js,c9db2029,SriSupratikTalari,2025-05-02,12:52:13,-07:00,2025-05-02T12:52:13-07:00,0,0
global.js,96,js,c9db2029,SriSupratikTalari,2025-05-02,12:52:13,-07:00,2025-05-02T12:52:13-07:00,0,37
global.js,97,js,c32ad374,SriSupratikTalari,2025-04-24,15:49:13,-07:00,2025-04-24T15:49:13-07:00,0,37
global.js,98,js,c32ad374,SriSupratikTalari,2025-04-24,15:49:13,-07:00,2025-04-24T15:49:13-07:00,0,0
global.js,99,js,3925a9b4,SriSupratikTalari,2025-04-24,15:41:53,-07:00,2025-04-24T15:41:53-07:00,0,0
global.js,100,js,998da91b,SriSupratikTalari,2025-04-24,17:12:57,-07:00,2025-04-24T17:12:57-07:00,0,48
global.js,101,js,998da91b,SriSupratikTalari,2025-04-24,17:12:57,-07:00,2025-04-24T17:12:57-07:00,0,60
global.js,102,js,998da91b,SriSupratikTalari,2025-04-24,17:12:57,-07:00,2025-04-24T17:12:57-07:00,0,0
resume/index.html,1,html,6f58a782,SriSupratikTalari,2025-04-03,17:47:43,-07:00,2025-04-03T17:47:43-07:00,0,14
resume/index.html,2,html,6f58a782,SriSupratikTalari,2025-04-03,17:47:43,-07:00,2025-04-03T17:47:43-07:00,0,15
resume/index.html,3,html,6f58a782,SriSupratikTalari,2025-04-03,17:47:43,-07:00,2025-04-03T17:47:43-07:00,0,5
resume/index.html,4,html,6f58a782,SriSupratikTalari,2025-04-03,17:47:43,-07:00,2025-04-03T17:47:43-07:00,0,21
resume/index.html,5,html,6f58a782,SriSupratikTalari,2025-04-03,17:47:43,-07:00,2025-04-03T17:47:43-07:00,0,69
resume/index.html,6,html,6f58a782,SriSupratikTalari,2025-04-03,17:47:43,-07:00,2025-04-03T17:47:43-07:00,0,42
resume/index.html,7,html,6f58a782,SriSupratikTalari,2025-04-03,17:47:43,-07:00,2025-04-03T17:47:43-07:00,0,42
resume/index.html,8,html,6f58a782,SriSupratikTalari,2025-04-03,17:47:43,-07:00,2025-04-03T17:47:43-07:00,0,6
resume/index.html,9,html,32b8cfde,SriSupratikTalari,2025-04-09,21:23:22,-07:00,2025-04-09T21:23:22-07:00,0,20
resume/index.html,10,html,3a63c36f,SriSupratikTalari,2025-04-17,09:46:47,-07:00,2025-04-17T09:46:47-07:00,0,9
resume/index.html,11,html,6f58a782,SriSupratikTalari,2025-04-03,17:47:43,-07:00,2025-04-03T17:47:43-07:00,0,31
resume/index.html,12,html,6f58a782,SriSupratikTalari,2025-04-03,17:47:43,-07:00,2025-04-03T17:47:43-07:00,0,44
resume/index.html,13,html,6f58a782,SriSupratikTalari,2025-04-03,17:47:43,-07:00,2025-04-03T17:47:43-07:00,0,42
resume/index.html,14,html,6f58a782,SriSupratikTalari,2025-04-03,17:47:43,-07:00,2025-04-03T17:47:43-07:00,0,72
resume/index.html,15,html,3a63c36f,SriSupratikTalari,2025-04-17,09:46:47,-07:00,2025-04-17T09:46:47-07:00,0,30
resume/index.html,16,html,3a63c36f,SriSupratikTalari,2025-04-17,09:46:47,-07:00,2025-04-17T09:46:47-07:00,0,9
resume/index.html,17,html,6f58a782,SriSupratikTalari,2025-04-03,17:47:43,-07:00,2025-04-03T17:47:43-07:00,0,0
resume/index.html,18,html,7c3d4a5d,SriSupratikTalari,2025-04-03,18:21:34,-07:00,2025-04-03T18:21:34-07:00,0,14
resume/index.html,19,html,7c3d4a5d,SriSupratikTalari,2025-04-03,18:21:34,-07:00,2025-04-03T18:21:34-07:00,0,8
resume/index.html,20,html,7c3d4a5d,SriSupratikTalari,2025-04-03,18:21:34,-07:00,2025-04-03T18:21:34-07:00,0,14
resume/index.html,21,html,7c3d4a5d,SriSupratikTalari,2025-04-03,18:21:34,-07:00,2025-04-03T18:21:34-07:00,0,75
resume/index.html,22,html,7c3d4a5d,SriSupratikTalari,2025-04-03,18:21:34,-07:00,2025-04-03T18:21:34-07:00,0,9
resume/index.html,23,html,7c3d4a5d,SriSupratikTalari,2025-04-03,18:21:34,-07:00,2025-04-03T18:21:34-07:00,0,0
resume/index.html,24,html,7c3d4a5d,SriSupratikTalari,2025-04-03,18:21:34,-07:00,2025-04-03T18:21:34-07:00,0,8
resume/index.html,25,html,7c3d4a5d,SriSupratikTalari,2025-04-03,18:21:34,-07:00,2025-04-03T18:21:34-07:00,0,15
resume/index.html,26,html,7c3d4a5d,SriSupratikTalari,2025-04-03,18:21:34,-07:00,2025-04-03T18:21:34-07:00,0,106
resume/index.html,27,html,7c3d4a5d,SriSupratikTalari,2025-04-03,18:21:34,-07:00,2025-04-03T18:21:34-07:00,0,106
resume/index.html,28,html,7c3d4a5d,SriSupratikTalari,2025-04-03,18:21:34,-07:00,2025-04-03T18:21:34-07:00,0,110
resume/index.html,29,html,7c3d4a5d,SriSupratikTalari,2025-04-03,18:21:34,-07:00,2025-04-03T18:21:34-07:00,0,71
resume/index.html,30,html,7c3d4a5d,SriSupratikTalari,2025-04-03,18:21:34,-07:00,2025-04-03T18:21:34-07:00,0,9
resume/index.html,31,html,7c3d4a5d,SriSupratikTalari,2025-04-03,18:21:34,-07:00,2025-04-03T18:21:34-07:00,0,0
resume/index.html,32,html,7c3d4a5d,SriSupratikTalari,2025-04-03,18:21:34,-07:00,2025-04-03T18:21:34-07:00,0,8
resume/index.html,33,html,7c3d4a5d,SriSupratikTalari,2025-04-03,18:21:34,-07:00,2025-04-03T18:21:34-07:00,0,20
resume/index.html,34,html,7c3d4a5d,SriSupratikTalari,2025-04-03,18:21:34,-07:00,2025-04-03T18:21:34-07:00,0,3
resume/index.html,35,html,7c3d4a5d,SriSupratikTalari,2025-04-03,18:21:34,-07:00,2025-04-03T18:21:34-07:00,0,89
resume/index.html,36,html,7c3d4a5d,SriSupratikTalari,2025-04-03,18:21:34,-07:00,2025-04-03T18:21:34-07:00,0,100
resume/index.html,37,html,7c3d4a5d,SriSupratikTalari,2025-04-03,18:21:34,-07:00,2025-04-03T18:21:34-07:00,0,34
resume/index.html,38,html,7c3d4a5d,SriSupratikTalari,2025-04-03,18:21:34,-07:00,2025-04-03T18:21:34-07:00,0,84
resume/index.html,39,html,7c3d4a5d,SriSupratikTalari,2025-04-03,18:21:34,-07:00,2025-04-03T18:21:34-07:00,0,113
resume/index.html,40,html,7c3d4a5d,SriSupratikTalari,2025-04-03,18:21:34,-07:00,2025-04-03T18:21:34-07:00,0,31
resume/index.html,41,html,7c3d4a5d,SriSupratikTalari,2025-04-03,18:21:34,-07:00,2025-04-03T18:21:34-07:00,0,4
resume/index.html,42,html,7c3d4a5d,SriSupratikTalari,2025-04-03,18:21:34,-07:00,2025-04-03T18:21:34-07:00,0,9
resume/index.html,43,html,7c3d4a5d,SriSupratikTalari,2025-04-03,18:21:34,-07:00,2025-04-03T18:21:34-07:00,0,8
resume/index.html,44,html,7c3d4a5d,SriSupratikTalari,2025-04-03,18:21:34,-07:00,2025-04-03T18:21:34-07:00,0,14
resume/index.html,45,html,7c3d4a5d,SriSupratikTalari,2025-04-03,18:21:34,-07:00,2025-04-03T18:21:34-07:00,0,21
resume/index.html,46,html,7c3d4a5d,SriSupratikTalari,2025-04-03,18:21:34,-07:00,2025-04-03T18:21:34-07:00,0,91
resume/index.html,47,html,7c3d4a5d,SriSupratikTalari,2025-04-03,18:21:34,-07:00,2025-04-03T18:21:34-07:00,0,31
resume/index.html,48,html,7c3d4a5d,SriSupratikTalari,2025-04-03,18:21:34,-07:00,2025-04-03T18:21:34-07:00,0,25
resume/index.html,49,html,7c3d4a5d,SriSupratikTalari,2025-04-03,18:21:34,-07:00,2025-04-03T18:21:34-07:00,0,23
resume/index.html,50,html,7c3d4a5d,SriSupratikTalari,2025-04-03,18:21:34,-07:00,2025-04-03T18:21:34-07:00,0,18
resume/index.html,51,html,7c3d4a5d,SriSupratikTalari,2025-04-03,18:21:34,-07:00,2025-04-03T18:21:34-07:00,0,36
resume/index.html,52,html,7c3d4a5d,SriSupratikTalari,2025-04-03,18:21:34,-07:00,2025-04-03T18:21:34-07:00,0,26
resume/index.html,53,html,7c3d4a5d,SriSupratikTalari,2025-04-03,18:21:34,-07:00,2025-04-03T18:21:34-07:00,0,82
resume/index.html,54,html,7c3d4a5d,SriSupratikTalari,2025-04-03,18:21:34,-07:00,2025-04-03T18:21:34-07:00,0,101
resume/index.html,55,html,7c3d4a5d,SriSupratikTalari,2025-04-03,18:21:34,-07:00,2025-04-03T18:21:34-07:00,0,103
resume/index.html,56,html,7c3d4a5d,SriSupratikTalari,2025-04-03,18:21:34,-07:00,2025-04-03T18:21:34-07:00,0,105
resume/index.html,57,html,7c3d4a5d,SriSupratikTalari,2025-04-03,18:21:34,-07:00,2025-04-03T18:21:34-07:00,0,106
resume/index.html,58,html,7c3d4a5d,SriSupratikTalari,2025-04-03,18:21:34,-07:00,2025-04-03T18:21:34-07:00,0,93
resume/index.html,59,html,7c3d4a5d,SriSupratikTalari,2025-04-03,18:21:34,-07:00,2025-04-03T18:21:34-07:00,0,8
resume/index.html,60,html,7c3d4a5d,SriSupratikTalari,2025-04-03,18:21:34,-07:00,2025-04-03T18:21:34-07:00,0,17
resume/index.html,61,html,7c3d4a5d,SriSupratikTalari,2025-04-03,18:21:34,-07:00,2025-04-03T18:21:34-07:00,0,53
resume/index.html,62,html,7c3d4a5d,SriSupratikTalari,2025-04-03,18:21:34,-07:00,2025-04-03T18:21:34-07:00,0,20
resume/index.html,63,html,7c3d4a5d,SriSupratikTalari,2025-04-03,18:21:34,-07:00,2025-04-03T18:21:34-07:00,0,9
resume/index.html,64,html,7c3d4a5d,SriSupratikTalari,2025-04-03,18:21:34,-07:00,2025-04-03T18:21:34-07:00,0,8
resume/index.html,65,html,7c3d4a5d,SriSupratikTalari,2025-04-03,18:21:34,-07:00,2025-04-03T18:21:34-07:00,0,27
resume/index.html,66,html,7c3d4a5d,SriSupratikTalari,2025-04-03,18:21:34,-07:00,2025-04-03T18:21:34-07:00,0,43
resume/index.html,67,html,7c3d4a5d,SriSupratikTalari,2025-04-03,18:21:34,-07:00,2025-04-03T18:21:34-07:00,0,113
resume/index.html,68,html,7c3d4a5d,SriSupratikTalari,2025-04-03,18:21:34,-07:00,2025-04-03T18:21:34-07:00,0,111
resume/index.html,69,html,7c3d4a5d,SriSupratikTalari,2025-04-03,18:21:34,-07:00,2025-04-03T18:21:34-07:00,0,95
resume/index.html,70,html,7c3d4a5d,SriSupratikTalari,2025-04-03,18:21:34,-07:00,2025-04-03T18:21:34-07:00,0,3
resume/index.html,71,html,7c3d4a5d,SriSupratikTalari,2025-04-03,18:21:34,-07:00,2025-04-03T18:21:34-07:00,0,98
resume/index.html,72,html,7c3d4a5d,SriSupratikTalari,2025-04-03,18:21:34,-07:00,2025-04-03T18:21:34-07:00,0,100
resume/index.html,73,html,7c3d4a5d,SriSupratikTalari,2025-04-03,18:21:34,-07:00,2025-04-03T18:21:34-07:00,0,43
resume/index.html,74,html,7c3d4a5d,SriSupratikTalari,2025-04-03,18:21:34,-07:00,2025-04-03T18:21:34-07:00,0,98
resume/index.html,75,html,7c3d4a5d,SriSupratikTalari,2025-04-03,18:21:34,-07:00,2025-04-03T18:21:34-07:00,0,16
resume/index.html,76,html,7c3d4a5d,SriSupratikTalari,2025-04-03,18:21:34,-07:00,2025-04-03T18:21:34-07:00,0,100
resume/index.html,77,html,7c3d4a5d,SriSupratikTalari,2025-04-03,18:21:34,-07:00,2025-04-03T18:21:34-07:00,0,105
resume/index.html,78,html,7c3d4a5d,SriSupratikTalari,2025-04-03,18:21:34,-07:00,2025-04-03T18:21:34-07:00,0,4
resume/index.html,79,html,7c3d4a5d,SriSupratikTalari,2025-04-03,18:21:34,-07:00,2025-04-03T18:21:34-07:00,0,31
resume/index.html,80,html,7c3d4a5d,SriSupratikTalari,2025-04-03,18:21:34,-07:00,2025-04-03T18:21:34-07:00,0,9
resume/index.html,81,html,30cc1b19,SriSupratikTalari,2025-04-18,11:34:48,-07:00,2025-04-18T11:34:48-07:00,0,49
resume/index.html,82,html,6f58a782,SriSupratikTalari,2025-04-03,17:47:43,-07:00,2025-04-03T17:47:43-07:00,0,6
resume/index.html,83,html,6f58a782,SriSupratikTalari,2025-04-03,17:47:43,-07:00,2025-04-03T17:47:43-07:00,0,6
projects/projects.js,1,js,b78eed3e,SriSupratikTalari,2025-04-24,16:39:59,-07:00,2025-04-24T16:39:59-07:00,0,56
projects/projects.js,2,js,b78eed3e,SriSupratikTalari,2025-04-24,16:39:59,-07:00,2025-04-24T16:39:59-07:00,0,53
projects/projects.js,3,js,797f192a,SriSupratikTalari,2025-04-21,23:13:27,-07:00,2025-04-21T23:13:27-07:00,0,61
projects/projects.js,4,js,797f192a,SriSupratikTalari,2025-04-21,23:13:27,-07:00,2025-04-21T23:13:27-07:00,0,49
projects/projects.js,5,js,78e3e480,SriSupratikTalari,2025-04-25,11:26:30,-07:00,2025-04-25T11:26:30-07:00,0,55
projects/projects.js,6,js,78e3e480,SriSupratikTalari,2025-04-25,11:26:30,-07:00,2025-04-25T11:26:30-07:00,0,49
projects/projects.js,7,js,c9db2029,SriSupratikTalari,2025-05-02,12:52:13,-07:00,2025-05-02T12:52:13-07:00,0,64
projects/projects.js,8,js,c9db2029,SriSupratikTalari,2025-05-02,12:52:13,-07:00,2025-05-02T12:52:13-07:00,0,0
projects/projects.js,9,js,c9db2029,SriSupratikTalari,2025-05-02,12:52:13,-07:00,2025-05-02T12:52:13-07:00,0,14
projects/projects.js,10,js,c9db2029,SriSupratikTalari,2025-05-02,12:52:13,-07:00,2025-05-02T12:52:13-07:00,0,34
projects/projects.js,11,js,c9db2029,SriSupratikTalari,2025-05-02,12:52:13,-07:00,2025-05-02T12:52:13-07:00,0,35
projects/projects.js,12,js,c9db2029,SriSupratikTalari,2025-05-02,12:52:13,-07:00,2025-05-02T12:52:13-07:00,0,34
projects/projects.js,13,js,c9db2029,SriSupratikTalari,2025-05-02,12:52:13,-07:00,2025-05-02T12:52:13-07:00,0,33
projects/projects.js,14,js,c9db2029,SriSupratikTalari,2025-05-02,12:52:13,-07:00,2025-05-02T12:52:13-07:00,0,33
projects/projects.js,15,js,c9db2029,SriSupratikTalari,2025-05-02,12:52:13,-07:00,2025-05-02T12:52:13-07:00,0,36
projects/projects.js,16,js,c9db2029,SriSupratikTalari,2025-05-02,12:52:13,-07:00,2025-05-02T12:52:13-07:00,0,4
projects/projects.js,17,js,c9db2029,SriSupratikTalari,2025-05-02,12:52:13,-07:00,2025-05-02T12:52:13-07:00,0,30
projects/projects.js,18,js,c9db2029,SriSupratikTalari,2025-05-02,12:52:13,-07:00,2025-05-02T12:52:13-07:00,0,13
projects/projects.js,19,js,c9db2029,SriSupratikTalari,2025-05-02,12:52:13,-07:00,2025-05-02T12:52:13-07:00,0,20
projects/projects.js,20,js,c9db2029,SriSupratikTalari,2025-05-02,12:52:13,-07:00,2025-05-02T12:52:13-07:00,0,18
projects/projects.js,21,js,c9db2029,SriSupratikTalari,2025-05-02,12:52:13,-07:00,2025-05-02T12:52:13-07:00,0,4
projects/projects.js,22,js,c9db2029,SriSupratikTalari,2025-05-02,12:52:13,-07:00,2025-05-02T12:52:13-07:00,0,48
projects/projects.js,23,js,c9db2029,SriSupratikTalari,2025-05-02,12:52:13,-07:00,2025-05-02T12:52:13-07:00,0,41
projects/projects.js,24,js,c9db2029,SriSupratikTalari,2025-05-02,12:52:13,-07:00,2025-05-02T12:52:13-07:00,0,5
projects/projects.js,25,js,c9db2029,SriSupratikTalari,2025-05-02,12:52:13,-07:00,2025-05-02T12:52:13-07:00,0,0
projects/projects.js,26,js,c9db2029,SriSupratikTalari,2025-05-02,12:52:13,-07:00,2025-05-02T12:52:13-07:00,0,16
projects/projects.js,27,js,c9db2029,SriSupratikTalari,2025-05-02,12:52:13,-07:00,2025-05-02T12:52:13-07:00,0,51
projects/projects.js,28,js,c9db2029,SriSupratikTalari,2025-05-02,12:52:13,-07:00,2025-05-02T12:52:13-07:00,0,0
projects/projects.js,29,js,c9db2029,SriSupratikTalari,2025-05-02,12:52:13,-07:00,2025-05-02T12:52:13-07:00,0,18
projects/projects.js,30,js,c9db2029,SriSupratikTalari,2025-05-02,12:52:13,-07:00,2025-05-02T12:52:13-07:00,0,61
projects/projects.js,31,js,c9db2029,SriSupratikTalari,2025-05-02,12:52:13,-07:00,2025-05-02T12:52:13-07:00,0,0
projects/projects.js,32,js,c9db2029,SriSupratikTalari,2025-05-02,12:52:13,-07:00,2025-05-02T12:52:13-07:00,0,47
projects/projects.js,33,js,c9db2029,SriSupratikTalari,2025-05-02,12:52:13,-07:00,2025-05-02T12:52:13-07:00,0,52
projects/projects.js,34,js,c9db2029,SriSupratikTalari,2025-05-02,12:52:13,-07:00,2025-05-02T12:52:13-07:00,0,0
projects/projects.js,35,js,c9db2029,SriSupratikTalari,2025-05-02,12:52:13,-07:00,2025-05-02T12:52:13-07:00,0,34
projects/projects.js,36,js,c9db2029,SriSupratikTalari,2025-05-02,12:52:13,-07:00,2025-05-02T12:52:13-07:00,0,37
projects/projects.js,37,js,c9db2029,SriSupratikTalari,2025-05-02,12:52:13,-07:00,2025-05-02T12:52:13-07:00,0,0
projects/projects.js,38,js,c9db2029,SriSupratikTalari,2025-05-02,12:52:13,-07:00,2025-05-02T12:52:13-07:00,0,16
projects/projects.js,39,js,c9db2029,SriSupratikTalari,2025-05-02,12:52:13,-07:00,2025-05-02T12:52:13-07:00,0,29
projects/projects.js,40,js,c9db2029,SriSupratikTalari,2025-05-02,12:52:13,-07:00,2025-05-02T12:52:13-07:00,0,35
projects/projects.js,41,js,c9db2029,SriSupratikTalari,2025-05-02,12:52:13,-07:00,2025-05-02T12:52:13-07:00,0,21
projects/projects.js,42,js,c9db2029,SriSupratikTalari,2025-05-02,12:52:13,-07:00,2025-05-02T12:52:13-07:00,0,33
projects/projects.js,43,js,c9db2029,SriSupratikTalari,2025-05-02,12:52:13,-07:00,2025-05-02T12:52:13-07:00,0,31
projects/projects.js,44,js,c9db2029,SriSupratikTalari,2025-05-02,12:52:13,-07:00,2025-05-02T12:52:13-07:00,0,5
projects/projects.js,45,js,c9db2029,SriSupratikTalari,2025-05-02,12:52:13,-07:00,2025-05-02T12:52:13-07:00,0,36
projects/projects.js,46,js,c9db2029,SriSupratikTalari,2025-05-02,12:52:13,-07:00,2025-05-02T12:52:13-07:00,0,28
projects/projects.js,47,js,c9db2029,SriSupratikTalari,2025-05-02,12:52:13,-07:00,2025-05-02T12:52:13-07:00,0,10
projects/projects.js,48,js,c9db2029,SriSupratikTalari,2025-05-02,12:52:13,-07:00,2025-05-02T12:52:13-07:00,0,19
projects/projects.js,49,js,c9db2029,SriSupratikTalari,2025-05-02,12:52:13,-07:00,2025-05-02T12:52:13-07:00,0,46
projects/projects.js,50,js,c9db2029,SriSupratikTalari,2025-05-02,12:52:13,-07:00,2025-05-02T12:52:13-07:00,0,35
projects/projects.js,51,js,c9db2029,SriSupratikTalari,2025-05-02,12:52:13,-07:00,2025-05-02T12:52:13-07:00,0,77
projects/projects.js,52,js,c9db2029,SriSupratikTalari,2025-05-02,12:52:13,-07:00,2025-05-02T12:52:13-07:00,0,5
projects/projects.js,53,js,c9db2029,SriSupratikTalari,2025-05-02,12:52:13,-07:00,2025-05-02T12:52:13-07:00,0,17
projects/projects.js,54,js,c9db2029,SriSupratikTalari,2025-05-02,12:52:13,-07:00,2025-05-02T12:52:13-07:00,0,57
projects/projects.js,55,js,c9db2029,SriSupratikTalari,2025-05-02,12:52:13,-07:00,2025-05-02T12:52:13-07:00,0,53
projects/projects.js,56,js,c9db2029,SriSupratikTalari,2025-05-02,12:52:13,-07:00,2025-05-02T12:52:13-07:00,0,25
projects/projects.js,57,js,c9db2029,SriSupratikTalari,2025-05-02,12:52:13,-07:00,2025-05-02T12:52:13-07:00,0,31
projects/projects.js,58,js,c9db2029,SriSupratikTalari,2025-05-02,12:52:13,-07:00,2025-05-02T12:52:13-07:00,0,22
projects/projects.js,59,js,c9db2029,SriSupratikTalari,2025-05-02,12:52:13,-07:00,2025-05-02T12:52:13-07:00,0,57
projects/projects.js,60,js,c9db2029,SriSupratikTalari,2025-05-02,12:52:13,-07:00,2025-05-02T12:52:13-07:00,0,67
projects/projects.js,61,js,c9db2029,SriSupratikTalari,2025-05-02,12:52:13,-07:00,2025-05-02T12:52:13-07:00,0,50
projects/projects.js,62,js,c9db2029,SriSupratikTalari,2025-05-02,12:52:13,-07:00,2025-05-02T12:52:13-07:00,0,7
projects/projects.js,63,js,c9db2029,SriSupratikTalari,2025-05-02,12:52:13,-07:00,2025-05-02T12:52:13-07:00,0,31
projects/projects.js,64,js,c9db2029,SriSupratikTalari,2025-05-02,12:52:13,-07:00,2025-05-02T12:52:13-07:00,0,62
projects/projects.js,65,js,c9db2029,SriSupratikTalari,2025-05-02,12:52:13,-07:00,2025-05-02T12:52:13-07:00,0,5
projects/projects.js,66,js,1e6c96f0,SriSupratikTalari,2025-05-02,13:11:05,-07:00,2025-05-02T13:11:05-07:00,0,22
projects/projects.js,67,js,1e6c96f0,SriSupratikTalari,2025-05-02,13:11:05,-07:00,2025-05-02T13:11:05-07:00,0,0
projects/projects.js,68,js,c9db2029,SriSupratikTalari,2025-05-02,12:52:13,-07:00,2025-05-02T12:52:13-07:00,0,39
projects/projects.js,69,js,c9db2029,SriSupratikTalari,2025-05-02,12:52:13,-07:00,2025-05-02T12:52:13-07:00,0,44
projects/projects.js,70,js,c9db2029,SriSupratikTalari,2025-05-02,12:52:13,-07:00,2025-05-02T12:52:13-07:00,0,33
projects/projects.js,71,js,c9db2029,SriSupratikTalari,2025-05-02,12:52:13,-07:00,2025-05-02T12:52:13-07:00,0,0
projects/projects.js,72,js,c9db2029,SriSupratikTalari,2025-05-02,12:52:13,-07:00,2025-05-02T12:52:13-07:00,0,36
projects/projects.js,73,js,c9db2029,SriSupratikTalari,2025-05-02,12:52:13,-07:00,2025-05-02T12:52:13-07:00,0,34
projects/projects.js,74,js,c9db2029,SriSupratikTalari,2025-05-02,12:52:13,-07:00,2025-05-02T12:52:13-07:00,0,0
projects/projects.js,75,js,c9db2029,SriSupratikTalari,2025-05-02,12:52:13,-07:00,2025-05-02T12:52:13-07:00,0,25
projects/projects.js,76,js,c9db2029,SriSupratikTalari,2025-05-02,12:52:13,-07:00,2025-05-02T12:52:13-07:00,0,30
projects/projects.js,77,js,c9db2029,SriSupratikTalari,2025-05-02,12:52:13,-07:00,2025-05-02T12:52:13-07:00,0,13
projects/projects.js,78,js,c9db2029,SriSupratikTalari,2025-05-02,12:52:13,-07:00,2025-05-02T12:52:13-07:00,0,15
projects/projects.js,79,js,1e6c96f0,SriSupratikTalari,2025-05-02,13:11:05,-07:00,2025-05-02T13:11:05-07:00,0,12
projects/projects.js,80,js,c9db2029,SriSupratikTalari,2025-05-02,12:52:13,-07:00,2025-05-02T12:52:13-07:00,0,1
projects/projects.js,81,js,c9db2029,SriSupratikTalari,2025-05-02,12:52:13,-07:00,2025-05-02T12:52:13-07:00,0,0
projects/projects.js,82,js,c9db2029,SriSupratikTalari,2025-05-02,12:52:13,-07:00,2025-05-02T12:52:13-07:00,0,52
projects/projects.js,83,js,c9db2029,SriSupratikTalari,2025-05-02,12:52:13,-07:00,2025-05-02T12:52:13-07:00,0,12
projects/projects.js,84,js,c9db2029,SriSupratikTalari,2025-05-02,12:52:13,-07:00,2025-05-02T12:52:13-07:00,0,10
projects/projects.js,85,js,c9db2029,SriSupratikTalari,2025-05-02,12:52:13,-07:00,2025-05-02T12:52:13-07:00,0,3
projects/projects.js,86,js,c9db2029,SriSupratikTalari,2025-05-02,12:52:13,-07:00,2025-05-02T12:52:13-07:00,0,0
projects/projects.js,87,js,c9db2029,SriSupratikTalari,2025-05-02,12:52:13,-07:00,2025-05-02T12:52:13-07:00,0,48
projects/projects.js,88,js,c9db2029,SriSupratikTalari,2025-05-02,12:52:13,-07:00,2025-05-02T12:52:13-07:00,0,58
projects/projects.js,89,js,c9db2029,SriSupratikTalari,2025-05-02,12:52:13,-07:00,2025-05-02T12:52:13-07:00,0,49
projects/projects.js,90,js,c9db2029,SriSupratikTalari,2025-05-02,12:52:13,-07:00,2025-05-02T12:52:13-07:00,0,37
projects/projects.js,91,js,c9db2029,SriSupratikTalari,2025-05-02,12:52:13,-07:00,2025-05-02T12:52:13-07:00,0,0
projects/projects.js,92,js,1e6c96f0,SriSupratikTalari,2025-05-02,13:11:05,-07:00,2025-05-02T13:11:05-07:00,0,22
projects/projects.js,93,js,c9db2029,SriSupratikTalari,2025-05-02,12:52:13,-07:00,2025-05-02T12:52:13-07:00,0,26
projects/projects.js,94,js,c9db2029,SriSupratikTalari,2025-05-02,12:52:13,-07:00,2025-05-02T12:52:13-07:00,0,5
projects/projects.js,95,js,c9db2029,SriSupratikTalari,2025-05-02,12:52:13,-07:00,2025-05-02T12:52:13-07:00,0,14
projects/projects.js,96,js,c9db2029,SriSupratikTalari,2025-05-02,12:52:13,-07:00,2025-05-02T12:52:13-07:00,0,26
projects/projects.js,97,js,1e6c96f0,SriSupratikTalari,2025-05-02,13:11:05,-07:00,2025-05-02T13:11:05-07:00,0,23
projects/projects.js,98,js,1e6c96f0,SriSupratikTalari,2025-05-02,13:11:05,-07:00,2025-05-02T13:11:05-07:00,0,52
projects/projects.js,99,js,1e6c96f0,SriSupratikTalari,2025-05-02,13:11:05,-07:00,2025-05-02T13:11:05-07:00,0,19
projects/projects.js,100,js,1e6c96f0,SriSupratikTalari,2025-05-02,13:11:05,-07:00,2025-05-02T13:11:05-07:00,0,44
projects/projects.js,101,js,1e6c96f0,SriSupratikTalari,2025-05-02,13:11:05,-07:00,2025-05-02T13:11:05-07:00,0,0
projects/projects.js,102,js,1e6c96f0,SriSupratikTalari,2025-05-02,13:11:05,-07:00,2025-05-02T13:11:05-07:00,0,26
projects/projects.js,103,js,1e6c96f0,SriSupratikTalari,2025-05-02,13:11:05,-07:00,2025-05-02T13:11:05-07:00,0,49
projects/projects.js,104,js,1e6c96f0,SriSupratikTalari,2025-05-02,13:11:05,-07:00,2025-05-02T13:11:05-07:00,0,7
projects/projects.js,105,js,1e6c96f0,SriSupratikTalari,2025-05-02,13:11:05,-07:00,2025-05-02T13:11:05-07:00,0,49
projects/projects.js,106,js,1e6c96f0,SriSupratikTalari,2025-05-02,13:11:05,-07:00,2025-05-02T13:11:05-07:00,0,70
projects/projects.js,107,js,1e6c96f0,SriSupratikTalari,2025-05-02,13:11:05,-07:00,2025-05-02T13:11:05-07:00,0,57
projects/projects.js,108,js,1e6c96f0,SriSupratikTalari,2025-05-02,13:11:05,-07:00,2025-05-02T13:11:05-07:00,0,0
projects/projects.js,109,js,1e6c96f0,SriSupratikTalari,2025-05-02,13:11:05,-07:00,2025-05-02T13:11:05-07:00,0,23
projects/projects.js,110,js,1e6c96f0,SriSupratikTalari,2025-05-02,13:11:05,-07:00,2025-05-02T13:11:05-07:00,0,67
projects/projects.js,111,js,1e6c96f0,SriSupratikTalari,2025-05-02,13:11:05,-07:00,2025-05-02T13:11:05-07:00,0,0
projects/projects.js,112,js,1e6c96f0,SriSupratikTalari,2025-05-02,13:11:05,-07:00,2025-05-02T13:11:05-07:00,0,25
projects/projects.js,113,js,1e6c96f0,SriSupratikTalari,2025-05-02,13:11:05,-07:00,2025-05-02T13:11:05-07:00,0,24
projects/projects.js,114,js,1e6c96f0,SriSupratikTalari,2025-05-02,13:11:05,-07:00,2025-05-02T13:11:05-07:00,0,25
projects/projects.js,115,js,1e6c96f0,SriSupratikTalari,2025-05-02,13:11:05,-07:00,2025-05-02T13:11:05-07:00,0,55
projects/projects.js,116,js,1e6c96f0,SriSupratikTalari,2025-05-02,13:11:05,-07:00,2025-05-02T13:11:05-07:00,0,1
projects/projects.js,117,js,1e6c96f0,SriSupratikTalari,2025-05-02,13:11:05,-07:00,2025-05-02T13:11:05-07:00,0,2
projects/projects.js,118,js,c9db2029,SriSupratikTalari,2025-05-02,12:52:13,-07:00,2025-05-02T12:52:13-07:00,0,2
projects/projects.js,119,js,c9db2029,SriSupratikTalari,2025-05-02,12:52:13,-07:00,2025-05-02T12:52:13-07:00,0,0
projects/projects.js,120,js,1e6c96f0,SriSupratikTalari,2025-05-02,13:11:05,-07:00,2025-05-02T13:11:05-07:00,0,13
projects/projects.js,121,js,c9db2029,SriSupratikTalari,2025-05-02,12:52:13,-07:00,2025-05-02T12:52:13-07:00,0,28
projects/projects.js,122,js,c9db2029,SriSupratikTalari,2025-05-02,12:52:13,-07:00,2025-05-02T12:52:13-07:00,0,8
projects/projects.js,123,js,c9db2029,SriSupratikTalari,2025-05-02,12:52:13,-07:00,2025-05-02T12:52:13-07:00,0,12
projects/projects.js,124,js,c9db2029,SriSupratikTalari,2025-05-02,12:52:13,-07:00,2025-05-02T12:52:13-07:00,0,39
projects/projects.js,125,js,1e6c96f0,SriSupratikTalari,2025-05-02,13:11:05,-07:00,2025-05-02T13:11:05-07:00,0,71
projects/projects.js,126,js,1e6c96f0,SriSupratikTalari,2025-05-02,13:11:05,-07:00,2025-05-02T13:11:05-07:00,0,69
projects/projects.js,127,js,1e6c96f0,SriSupratikTalari,2025-05-02,13:11:05,-07:00,2025-05-02T13:11:05-07:00,0,19
projects/projects.js,128,js,1e6c96f0,SriSupratikTalari,2025-05-02,13:11:05,-07:00,2025-05-02T13:11:05-07:00,0,48
projects/projects.js,129,js,1e6c96f0,SriSupratikTalari,2025-05-02,13:11:05,-07:00,2025-05-02T13:11:05-07:00,0,0
projects/projects.js,130,js,1e6c96f0,SriSupratikTalari,2025-05-02,13:11:05,-07:00,2025-05-02T13:11:05-07:00,0,23
projects/projects.js,131,js,1e6c96f0,SriSupratikTalari,2025-05-02,13:11:05,-07:00,2025-05-02T13:11:05-07:00,0,63
projects/projects.js,132,js,1e6c96f0,SriSupratikTalari,2025-05-02,13:11:05,-07:00,2025-05-02T13:11:05-07:00,0,0
projects/projects.js,133,js,1e6c96f0,SriSupratikTalari,2025-05-02,13:11:05,-07:00,2025-05-02T13:11:05-07:00,0,24
projects/projects.js,134,js,1e6c96f0,SriSupratikTalari,2025-05-02,13:11:05,-07:00,2025-05-02T13:11:05-07:00,0,23
projects/projects.js,135,js,1e6c96f0,SriSupratikTalari,2025-05-02,13:11:05,-07:00,2025-05-02T13:11:05-07:00,0,53
projects/projects.js,136,js,1e6c96f0,SriSupratikTalari,2025-05-02,13:11:05,-07:00,2025-05-02T13:11:05-07:00,0,1
projects/projects.js,137,js,1e6c96f0,SriSupratikTalari,2025-05-02,13:11:05,-07:00,2025-05-02T13:11:05-07:00,0,2
projects/projects.js,138,js,c9db2029,SriSupratikTalari,2025-05-02,12:52:13,-07:00,2025-05-02T12:52:13-07:00,0,2
projects/projects.js,139,js,c9db2029,SriSupratikTalari,2025-05-02,12:52:13,-07:00,2025-05-02T12:52:13-07:00,0,0
projects/projects.js,140,js,c9db2029,SriSupratikTalari,2025-05-02,12:52:13,-07:00,2025-05-02T12:52:13-07:00,0,0
projects/projects.js,141,js,c9db2029,SriSupratikTalari,2025-05-02,12:52:13,-07:00,2025-05-02T12:52:13-07:00,0,64
projects/projects.js,142,js,c9db2029,SriSupratikTalari,2025-05-02,12:52:13,-07:00,2025-05-02T12:52:13-07:00,0,24
projects/projects.js,143,js,c9db2029,SriSupratikTalari,2025-05-02,12:52:13,-07:00,2025-05-02T12:52:13-07:00,0,0
projects/projects.js,144,js,c9db2029,SriSupratikTalari,2025-05-02,12:52:13,-07:00,2025-05-02T12:52:13-07:00,0,25
projects/projects.js,145,js,c9db2029,SriSupratikTalari,2025-05-02,12:52:13,-07:00,2025-05-02T12:52:13-07:00,0,14
projects/projects.js,146,js,c9db2029,SriSupratikTalari,2025-05-02,12:52:13,-07:00,2025-05-02T12:52:13-07:00,0,54
projects/projects.js,147,js,c9db2029,SriSupratikTalari,2025-05-02,12:52:13,-07:00,2025-05-02T12:52:13-07:00,0,49
projects/projects.js,148,js,c9db2029,SriSupratikTalari,2025-05-02,12:52:13,-07:00,2025-05-02T12:52:13-07:00,0,20
projects/projects.js,149,js,c9db2029,SriSupratikTalari,2025-05-02,12:52:13,-07:00,2025-05-02T12:52:13-07:00,0,26
projects/projects.js,150,js,c9db2029,SriSupratikTalari,2025-05-02,12:52:13,-07:00,2025-05-02T12:52:13-07:00,0,0
projects/projects.js,151,js,c9db2029,SriSupratikTalari,2025-05-02,12:52:13,-07:00,2025-05-02T12:52:13-07:00,0,40
projects/projects.js,152,js,c9db2029,SriSupratikTalari,2025-05-02,12:52:13,-07:00,2025-05-02T12:52:13-07:00,0,52
projects/projects.js,153,js,c9db2029,SriSupratikTalari,2025-05-02,12:52:13,-07:00,2025-05-02T12:52:13-07:00,0,60
projects/projects.js,154,js,c9db2029,SriSupratikTalari,2025-05-02,12:52:13,-07:00,2025-05-02T12:52:13-07:00,0,43
projects/projects.js,155,js,c9db2029,SriSupratikTalari,2025-05-02,12:52:13,-07:00,2025-05-02T12:52:13-07:00,0,2
projects/projects.js,156,js,c9db2029,SriSupratikTalari,2025-05-02,12:52:13,-07:00,2025-05-02T12:52:13-07:00,0,0
projects/projects.js,157,js,c9db2029,SriSupratikTalari,2025-05-02,12:52:13,-07:00,2025-05-02T12:52:13-07:00,0,35
projects/projects.js,158,js,c9db2029,SriSupratikTalari,2025-05-02,12:52:13,-07:00,2025-05-02T12:52:13-07:00,0,57
projects/projects.js,159,js,c9db2029,SriSupratikTalari,2025-05-02,12:52:13,-07:00,2025-05-02T12:52:13-07:00,0,0
projects/projects.js,160,js,c9db2029,SriSupratikTalari,2025-05-02,12:52:13,-07:00,2025-05-02T12:52:13-07:00,0,48
projects/projects.js,161,js,c9db2029,SriSupratikTalari,2025-05-02,12:52:13,-07:00,2025-05-02T12:52:13-07:00,0,32
projects/projects.js,162,js,c9db2029,SriSupratikTalari,2025-05-02,12:52:13,-07:00,2025-05-02T12:52:13-07:00,0,2
projects/index.html,1,html,1d7bd18b,SriSupratikTalari,2025-04-02,17:46:38,-07:00,2025-04-02T17:46:38-07:00,0,14
projects/index.html,2,html,1d7bd18b,SriSupratikTalari,2025-04-02,17:46:38,-07:00,2025-04-02T17:46:38-07:00,0,15
projects/index.html,3,html,1d7bd18b,SriSupratikTalari,2025-04-02,17:46:38,-07:00,2025-04-02T17:46:38-07:00,0,5
projects/index.html,4,html,1d7bd18b,SriSupratikTalari,2025-04-02,17:46:38,-07:00,2025-04-02T17:46:38-07:00,0,21
projects/index.html,5,html,1d7bd18b,SriSupratikTalari,2025-04-02,17:46:38,-07:00,2025-04-02T17:46:38-07:00,0,69
projects/index.html,6,html,1d7bd18b,SriSupratikTalari,2025-04-02,17:46:38,-07:00,2025-04-02T17:46:38-07:00,0,44
projects/index.html,7,html,1d7bd18b,SriSupratikTalari,2025-04-02,17:46:38,-07:00,2025-04-02T17:46:38-07:00,0,42
projects/index.html,8,html,1d7bd18b,SriSupratikTalari,2025-04-02,17:46:38,-07:00,2025-04-02T17:46:38-07:00,0,6
projects/index.html,9,html,1d7bd18b,SriSupratikTalari,2025-04-02,17:46:38,-07:00,2025-04-02T17:46:38-07:00,0,5
projects/index.html,10,html,3a63c36f,SriSupratikTalari,2025-04-17,09:46:47,-07:00,2025-04-17T09:46:47-07:00,0,9
projects/index.html,11,html,1d7bd18b,SriSupratikTalari,2025-04-02,17:46:38,-07:00,2025-04-02T17:46:38-07:00,0,31
projects/index.html,12,html,3a63c36f,SriSupratikTalari,2025-04-17,09:46:47,-07:00,2025-04-17T09:46:47-07:00,0,32
projects/index.html,13,html,1d7bd18b,SriSupratikTalari,2025-04-02,17:46:38,-07:00,2025-04-02T17:46:38-07:00,0,42
projects/index.html,14,html,1d7bd18b,SriSupratikTalari,2025-04-02,17:46:38,-07:00,2025-04-02T17:46:38-07:00,0,72
projects/index.html,15,html,7c3d4a5d,SriSupratikTalari,2025-04-03,18:21:34,-07:00,2025-04-03T18:21:34-07:00,0,40
projects/index.html,16,html,3a63c36f,SriSupratikTalari,2025-04-17,09:46:47,-07:00,2025-04-17T09:46:47-07:00,0,9
projects/index.html,17,html,1d7bd18b,SriSupratikTalari,2025-04-02,17:46:38,-07:00,2025-04-02T17:46:38-07:00,0,0
projects/index.html,18,html,797f192a,SriSupratikTalari,2025-04-21,23:13:27,-07:00,2025-04-21T23:13:27-07:00,0,39
projects/index.html,19,html,c9db2029,SriSupratikTalari,2025-05-02,12:52:13,-07:00,2025-05-02T12:52:13-07:00,0,22
projects/index.html,20,html,c9db2029,SriSupratikTalari,2025-05-02,12:52:13,-07:00,2025-05-02T12:52:13-07:00,0,53
projects/index.html,21,html,c9db2029,SriSupratikTalari,2025-05-02,12:52:13,-07:00,2025-05-02T12:52:13-07:00,0,35
projects/index.html,22,html,c9db2029,SriSupratikTalari,2025-05-02,12:52:13,-07:00,2025-05-02T12:52:13-07:00,0,5
projects/index.html,23,html,c9db2029,SriSupratikTalari,2025-05-02,12:52:13,-07:00,2025-05-02T12:52:13-07:00,0,18
projects/index.html,24,html,c9db2029,SriSupratikTalari,2025-05-02,12:52:13,-07:00,2025-05-02T12:52:13-07:00,0,28
projects/index.html,25,html,c9db2029,SriSupratikTalari,2025-05-02,12:52:13,-07:00,2025-05-02T12:52:13-07:00,0,4
projects/index.html,26,html,c9db2029,SriSupratikTalari,2025-05-02,12:52:13,-07:00,2025-05-02T12:52:13-07:00,0,5
projects/index.html,27,html,c9db2029,SriSupratikTalari,2025-05-02,12:52:13,-07:00,2025-05-02T12:52:13-07:00,0,102
projects/index.html,28,html,c9db2029,SriSupratikTalari,2025-05-02,12:52:13,-07:00,2025-05-02T12:52:13-07:00,0,23
projects/index.html,29,html,298a0e28,SriSupratikTalari,2025-05-02,11:45:56,-07:00,2025-05-02T11:45:56-07:00,0,21
projects/index.html,30,html,797f192a,SriSupratikTalari,2025-04-21,23:13:27,-07:00,2025-04-21T23:13:27-07:00,0,13
projects/index.html,31,html,f6cd1d1c,SriSupratikTalari,2025-04-09,15:03:10,-07:00,2025-04-09T15:03:10-07:00,0,30
projects/index.html,32,html,f6cd1d1c,SriSupratikTalari,2025-04-09,15:03:10,-07:00,2025-04-09T15:03:10-07:00,0,71
projects/index.html,33,html,f6cd1d1c,SriSupratikTalari,2025-04-09,15:03:10,-07:00,2025-04-09T15:03:10-07:00,0,212
projects/index.html,34,html,f6cd1d1c,SriSupratikTalari,2025-04-09,15:03:10,-07:00,2025-04-09T15:03:10-07:00,0,9
projects/index.html,35,html,f6cd1d1c,SriSupratikTalari,2025-04-09,15:03:10,-07:00,2025-04-09T15:03:10-07:00,0,8
projects/index.html,36,html,f6cd1d1c,SriSupratikTalari,2025-04-09,15:03:10,-07:00,2025-04-09T15:03:10-07:00,0,43
projects/index.html,37,html,f6cd1d1c,SriSupratikTalari,2025-04-09,15:03:10,-07:00,2025-04-09T15:03:10-07:00,0,71
projects/index.html,38,html,f6cd1d1c,SriSupratikTalari,2025-04-09,15:03:10,-07:00,2025-04-09T15:03:10-07:00,0,239
projects/index.html,39,html,f6cd1d1c,SriSupratikTalari,2025-04-09,15:03:10,-07:00,2025-04-09T15:03:10-07:00,0,9
projects/index.html,40,html,f6cd1d1c,SriSupratikTalari,2025-04-09,15:03:10,-07:00,2025-04-09T15:03:10-07:00,0,8
projects/index.html,41,html,f6cd1d1c,SriSupratikTalari,2025-04-09,15:03:10,-07:00,2025-04-09T15:03:10-07:00,0,32
projects/index.html,42,html,f6cd1d1c,SriSupratikTalari,2025-04-09,15:03:10,-07:00,2025-04-09T15:03:10-07:00,0,71
projects/index.html,43,html,f6cd1d1c,SriSupratikTalari,2025-04-09,15:03:10,-07:00,2025-04-09T15:03:10-07:00,0,256
projects/index.html,44,html,f6cd1d1c,SriSupratikTalari,2025-04-09,15:03:10,-07:00,2025-04-09T15:03:10-07:00,0,9
projects/index.html,45,html,f6cd1d1c,SriSupratikTalari,2025-04-09,15:03:10,-07:00,2025-04-09T15:03:10-07:00,0,8
projects/index.html,46,html,f6cd1d1c,SriSupratikTalari,2025-04-09,15:03:10,-07:00,2025-04-09T15:03:10-07:00,0,46
projects/index.html,47,html,f6cd1d1c,SriSupratikTalari,2025-04-09,15:03:10,-07:00,2025-04-09T15:03:10-07:00,0,71
projects/index.html,48,html,f6cd1d1c,SriSupratikTalari,2025-04-09,15:03:10,-07:00,2025-04-09T15:03:10-07:00,0,234
projects/index.html,49,html,f6cd1d1c,SriSupratikTalari,2025-04-09,15:03:10,-07:00,2025-04-09T15:03:10-07:00,0,9
projects/index.html,50,html,f6cd1d1c,SriSupratikTalari,2025-04-09,15:03:10,-07:00,2025-04-09T15:03:10-07:00,0,8
projects/index.html,51,html,f6cd1d1c,SriSupratikTalari,2025-04-09,15:03:10,-07:00,2025-04-09T15:03:10-07:00,0,29
projects/index.html,52,html,f6cd1d1c,SriSupratikTalari,2025-04-09,15:03:10,-07:00,2025-04-09T15:03:10-07:00,0,71
projects/index.html,53,html,f6cd1d1c,SriSupratikTalari,2025-04-09,15:03:10,-07:00,2025-04-09T15:03:10-07:00,0,222
projects/index.html,54,html,f6cd1d1c,SriSupratikTalari,2025-04-09,15:03:10,-07:00,2025-04-09T15:03:10-07:00,0,9
projects/index.html,55,html,f6cd1d1c,SriSupratikTalari,2025-04-09,15:03:10,-07:00,2025-04-09T15:03:10-07:00,0,8
projects/index.html,56,html,f6cd1d1c,SriSupratikTalari,2025-04-09,15:03:10,-07:00,2025-04-09T15:03:10-07:00,0,37
projects/index.html,57,html,f6cd1d1c,SriSupratikTalari,2025-04-09,15:03:10,-07:00,2025-04-09T15:03:10-07:00,0,71
projects/index.html,58,html,f6cd1d1c,SriSupratikTalari,2025-04-09,15:03:10,-07:00,2025-04-09T15:03:10-07:00,0,247
projects/index.html,59,html,f6cd1d1c,SriSupratikTalari,2025-04-09,15:03:10,-07:00,2025-04-09T15:03:10-07:00,0,9
projects/index.html,60,html,f6cd1d1c,SriSupratikTalari,2025-04-09,15:03:10,-07:00,2025-04-09T15:03:10-07:00,0,8
projects/index.html,61,html,f6cd1d1c,SriSupratikTalari,2025-04-09,15:03:10,-07:00,2025-04-09T15:03:10-07:00,0,37
projects/index.html,62,html,f6cd1d1c,SriSupratikTalari,2025-04-09,15:03:10,-07:00,2025-04-09T15:03:10-07:00,0,71
projects/index.html,63,html,f6cd1d1c,SriSupratikTalari,2025-04-09,15:03:10,-07:00,2025-04-09T15:03:10-07:00,0,254
projects/index.html,64,html,f6cd1d1c,SriSupratikTalari,2025-04-09,15:03:10,-07:00,2025-04-09T15:03:10-07:00,0,9
projects/index.html,65,html,f6cd1d1c,SriSupratikTalari,2025-04-09,15:03:10,-07:00,2025-04-09T15:03:10-07:00,0,8
projects/index.html,66,html,f6cd1d1c,SriSupratikTalari,2025-04-09,15:03:10,-07:00,2025-04-09T15:03:10-07:00,0,39
projects/index.html,67,html,f6cd1d1c,SriSupratikTalari,2025-04-09,15:03:10,-07:00,2025-04-09T15:03:10-07:00,0,71
projects/index.html,68,html,f6cd1d1c,SriSupratikTalari,2025-04-09,15:03:10,-07:00,2025-04-09T15:03:10-07:00,0,241
projects/index.html,69,html,f6cd1d1c,SriSupratikTalari,2025-04-09,15:03:10,-07:00,2025-04-09T15:03:10-07:00,0,9
projects/index.html,70,html,f6cd1d1c,SriSupratikTalari,2025-04-09,15:03:10,-07:00,2025-04-09T15:03:10-07:00,0,8
projects/index.html,71,html,f6cd1d1c,SriSupratikTalari,2025-04-09,15:03:10,-07:00,2025-04-09T15:03:10-07:00,0,32
projects/index.html,72,html,f6cd1d1c,SriSupratikTalari,2025-04-09,15:03:10,-07:00,2025-04-09T15:03:10-07:00,0,71
projects/index.html,73,html,f6cd1d1c,SriSupratikTalari,2025-04-09,15:03:10,-07:00,2025-04-09T15:03:10-07:00,0,224
projects/index.html,74,html,f6cd1d1c,SriSupratikTalari,2025-04-09,15:03:10,-07:00,2025-04-09T15:03:10-07:00,0,9
projects/index.html,75,html,f6cd1d1c,SriSupratikTalari,2025-04-09,15:03:10,-07:00,2025-04-09T15:03:10-07:00,0,8
projects/index.html,76,html,f6cd1d1c,SriSupratikTalari,2025-04-09,15:03:10,-07:00,2025-04-09T15:03:10-07:00,0,48
projects/index.html,77,html,f6cd1d1c,SriSupratikTalari,2025-04-09,15:03:10,-07:00,2025-04-09T15:03:10-07:00,0,71
projects/index.html,78,html,f6cd1d1c,SriSupratikTalari,2025-04-09,15:03:10,-07:00,2025-04-09T15:03:10-07:00,0,244
projects/index.html,79,html,f6cd1d1c,SriSupratikTalari,2025-04-09,15:03:10,-07:00,2025-04-09T15:03:10-07:00,0,9
projects/index.html,80,html,f6cd1d1c,SriSupratikTalari,2025-04-09,15:03:10,-07:00,2025-04-09T15:03:10-07:00,0,8
projects/index.html,81,html,f6cd1d1c,SriSupratikTalari,2025-04-09,15:03:10,-07:00,2025-04-09T15:03:10-07:00,0,36
projects/index.html,82,html,f6cd1d1c,SriSupratikTalari,2025-04-09,15:03:10,-07:00,2025-04-09T15:03:10-07:00,0,71
projects/index.html,83,html,f6cd1d1c,SriSupratikTalari,2025-04-09,15:03:10,-07:00,2025-04-09T15:03:10-07:00,0,238
projects/index.html,84,html,f6cd1d1c,SriSupratikTalari,2025-04-09,15:03:10,-07:00,2025-04-09T15:03:10-07:00,0,9
projects/index.html,85,html,f6cd1d1c,SriSupratikTalari,2025-04-09,15:03:10,-07:00,2025-04-09T15:03:10-07:00,0,8
projects/index.html,86,html,f6cd1d1c,SriSupratikTalari,2025-04-09,15:03:10,-07:00,2025-04-09T15:03:10-07:00,0,41
projects/index.html,87,html,f6cd1d1c,SriSupratikTalari,2025-04-09,15:03:10,-07:00,2025-04-09T15:03:10-07:00,0,71
projects/index.html,88,html,f6cd1d1c,SriSupratikTalari,2025-04-09,15:03:10,-07:00,2025-04-09T15:03:10-07:00,0,229
projects/index.html,89,html,797f192a,SriSupratikTalari,2025-04-21,23:13:27,-07:00,2025-04-21T23:13:27-07:00,0,13
projects/index.html,90,html,f6cd1d1c,SriSupratikTalari,2025-04-09,15:03:10,-07:00,2025-04-09T15:03:10-07:00,0,5
projects/index.html,91,html,30cc1b19,SriSupratikTalari,2025-04-18,11:34:48,-07:00,2025-04-18T11:34:48-07:00,0,49
projects/index.html,92,html,797f192a,SriSupratikTalari,2025-04-21,23:13:27,-07:00,2025-04-21T23:13:27-07:00,0,48
projects/index.html,93,html,1d7bd18b,SriSupratikTalari,2025-04-02,17:46:38,-07:00,2025-04-02T17:46:38-07:00,0,6
projects/index.html,94,html,1d7bd18b,SriSupratikTalari,2025-04-02,17:46:38,-07:00,2025-04-02T17:46:38-07:00,0,6
contact/index.html,1,html,1d7bd18b,SriSupratikTalari,2025-04-02,17:46:38,-07:00,2025-04-02T17:46:38-07:00,0,14
contact/index.html,2,html,1d7bd18b,SriSupratikTalari,2025-04-02,17:46:38,-07:00,2025-04-02T17:46:38-07:00,0,15
contact/index.html,3,html,1d7bd18b,SriSupratikTalari,2025-04-02,17:46:38,-07:00,2025-04-02T17:46:38-07:00,0,5
contact/index.html,4,html,1d7bd18b,SriSupratikTalari,2025-04-02,17:46:38,-07:00,2025-04-02T17:46:38-07:00,0,21
contact/index.html,5,html,1d7bd18b,SriSupratikTalari,2025-04-02,17:46:38,-07:00,2025-04-02T17:46:38-07:00,0,69
contact/index.html,6,html,1d7bd18b,SriSupratikTalari,2025-04-02,17:46:38,-07:00,2025-04-02T17:46:38-07:00,0,43
contact/index.html,7,html,1d7bd18b,SriSupratikTalari,2025-04-02,17:46:38,-07:00,2025-04-02T17:46:38-07:00,0,42
contact/index.html,8,html,30cc1b19,SriSupratikTalari,2025-04-18,11:34:48,-07:00,2025-04-18T11:34:48-07:00,0,0
contact/index.html,9,html,1d7bd18b,SriSupratikTalari,2025-04-02,17:46:38,-07:00,2025-04-02T17:46:38-07:00,0,6
contact/index.html,10,html,1d7bd18b,SriSupratikTalari,2025-04-02,17:46:38,-07:00,2025-04-02T17:46:38-07:00,0,5
contact/index.html,11,html,3a63c36f,SriSupratikTalari,2025-04-17,09:46:47,-07:00,2025-04-17T09:46:47-07:00,0,9
contact/index.html,12,html,1d7bd18b,SriSupratikTalari,2025-04-02,17:46:38,-07:00,2025-04-02T17:46:38-07:00,0,31
contact/index.html,13,html,1d7bd18b,SriSupratikTalari,2025-04-02,17:46:38,-07:00,2025-04-02T17:46:38-07:00,0,44
contact/index.html,14,html,3a63c36f,SriSupratikTalari,2025-04-17,09:46:47,-07:00,2025-04-17T09:46:47-07:00,0,31
contact/index.html,15,html,1d7bd18b,SriSupratikTalari,2025-04-02,17:46:38,-07:00,2025-04-02T17:46:38-07:00,0,72
contact/index.html,16,html,7c3d4a5d,SriSupratikTalari,2025-04-03,18:21:34,-07:00,2025-04-03T18:21:34-07:00,0,40
contact/index.html,17,html,3a63c36f,SriSupratikTalari,2025-04-17,09:46:47,-07:00,2025-04-17T09:46:47-07:00,0,9
contact/index.html,18,html,3ea0e8fd,SriSupratikTalari,2025-04-04,10:13:18,-07:00,2025-04-04T10:13:18-07:00,0,15
contact/index.html,19,html,6f58a782,SriSupratikTalari,2025-04-03,17:47:43,-07:00,2025-04-03T17:47:43-07:00,0,78
contact/index.html,20,html,6f58a782,SriSupratikTalari,2025-04-03,17:47:43,-07:00,2025-04-03T17:47:43-07:00,0,13
contact/index.html,21,html,6f58a782,SriSupratikTalari,2025-04-03,17:47:43,-07:00,2025-04-03T17:47:43-07:00,0,32
contact/index.html,22,html,6f58a782,SriSupratikTalari,2025-04-03,17:47:43,-07:00,2025-04-03T17:47:43-07:00,0,7
contact/index.html,23,html,6f58a782,SriSupratikTalari,2025-04-03,17:47:43,-07:00,2025-04-03T17:47:43-07:00,0,15
contact/index.html,24,html,6f58a782,SriSupratikTalari,2025-04-03,17:47:43,-07:00,2025-04-03T17:47:43-07:00,0,21
contact/index.html,25,html,6f58a782,SriSupratikTalari,2025-04-03,17:47:43,-07:00,2025-04-03T17:47:43-07:00,0,7
contact/index.html,26,html,6f58a782,SriSupratikTalari,2025-04-03,17:47:43,-07:00,2025-04-03T17:47:43-07:00,0,6
contact/index.html,27,html,6f58a782,SriSupratikTalari,2025-04-03,17:47:43,-07:00,2025-04-03T17:47:43-07:00,0,4
contact/index.html,28,html,6f58a782,SriSupratikTalari,2025-04-03,17:47:43,-07:00,2025-04-03T17:47:43-07:00,0,50
contact/index.html,29,html,6f58a782,SriSupratikTalari,2025-04-03,17:47:43,-07:00,2025-04-03T17:47:43-07:00,0,7
contact/index.html,30,html,6f58a782,SriSupratikTalari,2025-04-03,17:47:43,-07:00,2025-04-03T17:47:43-07:00,0,22
contact/index.html,31,html,6f58a782,SriSupratikTalari,2025-04-03,17:47:43,-07:00,2025-04-03T17:47:43-07:00,0,6
contact/index.html,32,html,30cc1b19,SriSupratikTalari,2025-04-18,11:34:48,-07:00,2025-04-18T11:34:48-07:00,0,49
contact/index.html,33,html,1d7bd18b,SriSupratikTalari,2025-04-02,17:46:38,-07:00,2025-04-02T17:46:38-07:00,0,6
contact/index.html,34,html,1d7bd18b,SriSupratikTalari,2025-04-02,17:46:38,-07:00,2025-04-02T17:46:38-07:00,0,6
